date,month,year,arganzuela_extranjeros,arganzuela_nacionales,arganzuela_total,barajas_extranjeros,barajas_nacionales,barajas_total,carabanchel_extranjeros,carabanchel_nacionales,carabanchel_total,centro_extranjeros,centro_nacionales,centro_total,chamartin_extranjeros,chamartin_nacionales,chamartin_total,chamberi_extranjeros,chamberi_nacionales,chamberi_total,ciudad_lineal_extranjeros,ciudad_lineal_nacionales,ciudad_lineal_total,fuencarral_extranjeros,fuencarral_nacionales,fuencarral_total,hortaleza_extranjeros,hortaleza_nacionales,hortaleza_total,latina_extranjeros,latina_nacionales,latina_total,madrid_extranjeros,madrid_nacionales,madrid_total,moncloa_extranjeros,moncloa_nacionales,moncloa_total,moratalaz_extranjeros,moratalaz_nacionales,moratalaz_total,puente_vallecas_extranjeros,puente_vallecas_nacionales,puente_vallecas_total,retiro_extranjeros,retiro_nacionales,retiro_total,salamanca_extranjeros,salamanca_nacionales,salamanca_total,san_blas_extranjeros,san_blas_nacionales,san_blas_total,tetuan_extranjeros,tetuan_nacionales,tetuan_total,usera_extranjeros,usera_nacionales,usera_total,vicalvaro_extranjeros,vicalvaro_nacionales,vicalvaro_total,villa_vallecas_extranjeros,villa_vallecas_nacionales,villa_vallecas_total,villaverde_extranjeros,villaverde_nacionales,villaverde_total
2014-01-01,1,2014,16783,135269,152052,4508,41213,45721,42154,201419,243573,30578,104359,134937,13720,129404,143124,16043,123133,139176,28501,186470,214971,18801,214397,233198,16597,156525,173122,34982,203876,238858,421035,2755473,3176508,12540,103607,116147,8188,88283,96471,35621,193887,229508,8748,110400,119148,17183,126912,144095,16421,137367,153788,27999,125144,153143,25594,108560,134154,8684,61179,69863,11953,86980,98933,25430,117072,142502
2014-02-01,2,2014,16401,135276,151677,4430,41231,45661,41385,201332,242717,30044,104275,134319,13512,129456,142968,15714,123161,138875,27935,186228,214163,18471,214525,232996,16297,156620,172917,34296,203699,237995,413295,2754785,3168080,12362,103497,115859,8073,88223,96296,34998,193731,228729,8581,110415,118996,16770,126854,143624,16087,137309,153396,27485,125093,152578,25119,108452,133571,8516,61208,69724,11795,87139,98934,25024,117061,142085
2014-03-01,3,2014,16280,135344,151624,4408,41225,45633,41222,201528,242750,29871,104092,133963,13411,129424,142835,15603,122998,138601,27635,186321,213956,18394,214670,233064,16169,156973,173142,34052,203681,237733,410691,2755926,3166617,12217,103600,115817,8017,88155,96172,34818,193888,228706,8483,110356,118839,16636,126896,143532,16065,137339,153404,27381,125151,152532,24936,108596,133532,8440,61210,69650,11732,87297,99029,24921,117182,142103
2014-04-01,4,2014,16215,135611,151826,4419,41316,45735,41179,201960,243139,29968,104227,134195,13404,129543,142947,15588,123253,138841,27562,186785,214347,18321,215387,233708,16174,157402,173576,33941,203903,237844,410083,2761343,3171426,12175,103839,116014,7946,88212,96158,34754,194118,228872,8491,110496,118987,16682,127030,143712,16021,137547,153568,27420,125388,152808,24918,108835,133753,8471,61367,69838,11651,87525,99176,24783,117599,142382
2014-05-01,5,2014,15865,135608,151473,4328,41416,45744,40625,202081,242706,29407,103922,133329,13214,129559,142773,15322,123211,138533,27165,186899,214064,18084,215732,233816,15896,157776,173672,33418,203980,237398,403810,2762729,3166539,11923,103903,115826,7851,88133,95984,34186,194189,228375,8322,110540,118862,16438,127066,143504,15800,137640,153440,27043,125332,152375,24606,108879,133485,8396,61376,69772,11480,87738,99218,24441,117749,142190
2014-06-01,6,2014,15578,135694,151272,4279,41497,45776,40127,202444,242571,28913,103771,132684,13019,129444,142463,15076,123294,138370,26887,187069,213956,17881,215845,233726,15731,158091,173822,33044,204022,237066,398946,2764753,3163699,11813,104048,115861,7659,88126,95785,33821,194405,228226,8203,110596,118799,16244,127016,143260,15656,137707,153363,26758,125336,152094,24420,109031,133451,8295,61494,69789,11373,87902,99275,24169,117921,142090
2014-07-01,7,2014,15333,135813,151146,4231,41527,45758,39672,202694,242366,28578,103778,132356,12788,129502,142290,14887,123260,138147,26710,187132,213842,17683,216061,233744,15615,158251,173866,32696,204102,236798,395044,2766100,3161144,11639,104080,115719,7623,88105,95728,33576,194363,227939,8105,110580,118685,16071,127022,143093,15525,137715,153240,26500,125421,151921,24372,108995,133367,8212,61529,69741,11266,88080,99346,23962,118090,142052
2014-08-01,8,2014,14997,135789,150786,4134,41593,45727,38905,202824,241729,28126,103715,131841,12547,129361,141908,14583,123209,137792,26205,187176,213381,17307,216234,233541,15341,158430,173771,32043,204083,236126,387822,2766785,3154607,11444,104334,115778,7458,88102,95560,33057,194361,227418,7990,110425,118415,15794,126952,142746,15206,137821,153027,26008,125462,151470,24007,109011,133018,8055,61525,69580,11088,88218,99306,23527,118160,141687
2014-09-01,9,2014,14956,135814,150770,4152,41605,45757,38906,202873,241779,28156,103783,131939,12544,129347,141891,14622,123157,137779,26208,187122,213330,17313,216238,233551,15374,158778,174152,31911,203989,235900,387916,2767619,3155535,11428,104378,115806,7470,88079,95549,33036,194457,227493,7949,110434,118383,15818,126931,142749,15209,137819,153028,25989,125644,151633,24136,109045,133181,8076,61583,69659,11097,88337,99434,23566,118206,141772
2014-10-01,10,2014,15016,136074,151090,4179,41705,45884,38927,203303,242230,28280,104068,132348,12568,129480,142048,14744,123365,138109,26249,187278,213527,17365,216509,233874,15416,159298,174714,31997,204152,236149,389477,2772568,3162045,11635,104740,116375,7476,88106,95582,33216,194884,228100,7988,110560,118548,16045,127153,143198,15366,138031,153397,25947,125887,151834,24246,109276,133522,8081,61659,69740,11122,88555,99677,23614,118485,142099
2014-11-01,11,2014,15005,136006,151011,4122,41730,45852,38614,202978,241592,28468,103932,132400,12668,129459,142127,15064,123274,138338,26166,186963,213129,17355,216550,233905,15379,159446,174825,31891,203793,235684,389318,2770686,3160004,11820,104752,116572,7411,87925,95336,33079,194621,227700,8024,110475,118499,16361,127100,143461,15321,137912,153233,25947,125868,151815,24168,109258,133426,7971,61670,69641,11050,88624,99674,23434,118350,141784
2014-12-01,12,2014,15053,136196,151249,4130,41822,45952,38769,203273,242042,28742,104157,132899,12744,129492,142236,15135,123429,138564,26308,187037,213345,17312,216836,234148,15479,159762,175241,32008,203927,235935,390949,2773753,3164702,11904,104932,116836,7450,87897,95347,33165,194676,227841,8075,110590,118665,16570,127198,143768,15374,138020,153394,26048,126188,152236,24221,109405,133626,7965,61729,69694,11087,88826,99913,23410,118361,141771
2015-01-01,1,2015,14647,135820,150467,4044,41768,45812,38110,202743,240853,27975,103593,131568,12451,129287,141738,14691,123076,137767,25701,186563,212264,16927,216414,233341,15151,159489,174640,31427,203412,234839,382450,2767213,3149663,11577,104703,116280,7297,87734,95031,32552,194192,226744,7909,110303,118212,16067,126776,142843,15083,137697,152780,25403,125910,151313,23818,109217,133035,7795,61665,69460,10897,88805,99702,22928,118046,140974
2015-02-01,2,2015,14528,136198,150726,4018,41932,45950,37792,203383,241175,27682,103843,131525,12341,129791,142132,14441,123275,137716,25535,186664,212199,16875,217032,233907,15142,160411,175553,31242,203602,234844,380198,2774312,3154510,11456,104941,116397,7212,87733,94945,32379,194541,226920,7883,110521,118404,15849,127014,142863,15065,137991,153056,25442,126239,151681,23798,109572,133370,7807,61779,69586,10846,89405,100251,22865,118445,141310
2015-03-01,3,2015,14475,136339,150814,4018,42146,46164,37510,202776,240286,27739,104256,131995,12308,130061,142369,14241,122870,137111,25444,186351,211795,16862,217647,234509,15146,160314,175460,31038,202781,233819,378233,2771931,3150164,11423,105229,116652,7021,86099,93120,32165,194298,226463,7759,110183,117942,15798,127298,143096,14890,137693,152583,25468,126547,152015,23563,108588,132151,7795,62005,69800,10844,89872,100716,22726,118578,141304
2015-04-01,4,2015,14475,136339,150814,4018,42146,46164,37766,203938,241704,27739,104256,131995,12308,130061,142369,14314,123448,137762,25517,186951,212468,16862,217647,234509,15170,160892,176062,31210,203937,235147,379449,2780696,3160145,11423,105229,116652,7154,87833,94987,32378,194884,227262,7824,110774,118598,15798,127298,143096,14954,138279,153233,25468,126547,152015,23703,109782,133485,7798,62005,69803,10844,89872,100716,22726,118578,141304
2015-05-01,5,2015,14376,136330,150706,3970,42106,46076,37744,203812,241556,27349,104159,131508,12248,129938,142186,14115,123167,137282,25504,186769,212273,16739,217763,234502,15081,160856,175937,31076,203719,234795,377511,2778227,3155738,11338,105129,116467,7122,87646,94768,32278,194591,226869,7753,110618,118371,15747,127057,142804,14835,138230,153065,25371,126379,151750,23687,109648,133335,7732,61898,69630,10744,89972,100716,22702,118440,141142
2015-06-01,6,2015,14486,136575,151061,3984,42182,46166,37891,204141,242032,27466,104339,131805,12270,130064,142334,14141,123313,137454,25595,187031,212626,16763,218120,234883,15096,161224,176320,31073,203769,234842,378880,2781906,3160786,11340,105241,116581,7132,87653,94785,32430,194753,227183,7775,110615,118390,15880,127243,143123,14904,138399,153303,25489,126653,152142,23793,109786,133579,7751,61958,69709,10797,90214,101011,22824,118633,141457
2015-07-01,7,2015,14461,136765,151226,3978,42306,46284,38080,204194,242274,27574,104512,132086,12211,130118,142329,14101,123460,137561,25746,187152,212898,16841,218373,235214,15170,161524,176694,31091,203812,234903,380363,2784775,3165138,11292,105341,116633,7152,87700,94852,32716,194936,227652,7802,110751,118553,15877,127266,143143,15003,138529,153532,25623,126788,152411,24026,109947,133973,7792,62038,69830,10852,90437,101289,22975,118826,141801
2015-08-01,8,2015,14307,136638,150945,3891,42272,46163,37759,203824,241583,27186,104163,131349,12065,129962,142027,13862,123235,137097,25495,186768,212263,16747,218221,234968,14983,161438,176421,30746,203464,234210,376315,2780697,3157012,11166,105357,116523,7077,87644,94721,32365,194488,226853,7732,110587,118319,15554,126888,142442,14900,138431,153331,25378,126590,151968,23915,109681,133596,7708,62002,69710,10749,90477,101226,22730,118567,141297
2015-09-01,9,2015,14313,136598,150911,3916,42282,46198,37881,203725,241606,27214,104311,131525,12182,129928,142110,13838,123176,137014,25561,186654,212215,16721,218251,234972,15109,161654,176763,30889,203388,234277,377620,2780359,3157979,11207,105289,116496,7117,87535,94652,32476,194383,226859,7741,110522,118263,15644,126825,142469,14920,138387,153307,25483,126579,152062,24090,109704,133794,7717,62018,69735,10794,90615,101409,22807,118535,141342
2015-10-01,10,2015,14454,136960,151414,3976,42366,46342,38518,204098,242616,27699,104729,132428,12360,130232,142592,14165,123500,137665,25955,186953,212908,16965,218713,235678,15388,162310,177698,31168,203563,234731,383189,2786330,3169519,11376,105459,116835,7237,87625,94862,32904,194697,227601,7894,110698,118592,16125,127102,143227,15126,138687,153813,25829,126832,152661,24273,109908,134181,7837,62142,69979,10885,91000,101885,23055,118756,141811
2015-11-01,11,2015,14675,137141,151816,3999,42394,46393,38882,203999,242881,28199,104988,133187,12600,130278,142878,14414,123622,138036,26169,187055,213224,17116,218940,236056,15508,162382,177890,31454,203495,234949,387837,2787463,3175300,11686,105485,117171,7425,87611,95036,33228,194665,227893,8003,110658,118661,16562,127240,143802,15242,138716,153958,26069,126909,152978,24539,109930,134469,7873,62121,69994,10942,91132,102074,23252,118702,141954
2015-12-01,12,2015,14670,137087,151757,3999,42341,46340,38978,203660,242638,28318,104777,133095,12638,130312,142950,14498,123539,138037,26214,186798,213012,17103,218826,235929,15580,162358,177938,31429,203400,234829,388564,2784832,3173396,11707,105372,117079,7428,87431,94859,33256,194411,227667,8070,110579,118649,16694,127066,143760,15275,138509,153784,26054,126822,152876,24614,109760,134374,7868,62076,69944,10938,91173,102111,23233,118535,141768
2016-01-01,1,2016,14636,137265,151901,4006,42367,46373,39065,203678,242743,28217,104916,133133,12610,130459,143069,14406,123647,138053,26208,186840,213048,17041,219018,236059,15536,162594,178130,31250,203433,234683,388120,2786825,3174945,11630,105405,117035,7430,87445,94875,33332,194520,227852,8050,110781,118831,16656,127063,143719,15262,138594,153856,26100,126976,153076,24675,109725,134400,7843,62115,69958,10922,91374,102296,23245,118610,141855
2016-02-01,2,2016,14616,137697,152313,4008,42522,46530,39260,204061,243321,28155,105187,133342,12654,130722,143376,14342,123870,138212,26259,187189,213448,17068,219450,236518,15585,163097,178682,31268,203707,234975,388970,2792427,3181397,11563,105644,117207,7491,87538,95029,33509,194774,228283,8018,110962,118980,16674,127376,144050,15269,138748,154017,26155,127308,153463,24852,109884,134736,7870,62140,70010,11020,91722,102742,23334,118829,142163
2016-03-01,3,2016,14536,137498,152034,4006,42530,46536,39162,203835,242997,27861,104823,132684,12555,130443,142998,14207,123638,137845,26142,186759,212901,17007,219292,236299,15529,163163,178692,31149,203330,234479,387015,2788149,3175164,11441,105448,116889,7418,87280,94698,33371,194290,227661,8010,110882,118892,16483,127245,143728,15236,138623,153859,26072,127041,153113,24791,109634,134425,7815,62047,69862,10977,91715,102692,23247,118633,141880
2016-04-01,4,2016,14563,137739,152302,4013,42654,46667,39427,204077,243504,27921,104898,132819,12571,130630,143201,14225,123673,137898,26303,186880,213183,17168,219721,236889,15663,163517,179180,31377,203424,234801,389388,2791777,3181165,11483,105562,117045,7487,87344,94831,33587,194486,228073,8042,110992,119034,16517,127427,143944,15348,138767,154115,26262,127358,153620,25024,109665,134689,7851,62122,69973,11052,91972,103024,23504,118869,142373
2016-05-01,5,2016,14588,138011,152599,4040,42806,46846,39816,204397,244213,28146,105057,133203,12691,130849,143540,14378,123921,138299,26475,187196,213671,17404,220239,237643,15750,163992,179742,31575,203687,235262,392630,2796794,3189424,11560,105724,117284,7552,87425,94977,33854,194805,228659,8112,111098,119210,16676,127671,144347,15513,138983,154496,26440,127659,154099,25359,109865,135224,7903,62195,70098,11134,92179,103313,23664,119035,142699
2016-06-01,6,2016,14439,137742,152181,3986,42730,46716,39594,203937,243531,27853,104511,132364,12532,130476,143008,14208,123442,137650,26187,186754,212941,17355,220102,237457,15638,163898,179536,31268,203279,234547,389663,2790912,3180575,11413,105611,117024,7509,87217,94726,33662,194182,227844,8046,110876,118922,16424,127285,143709,15431,138752,154183,26320,127328,153648,25299,109594,134893,7840,62275,70115,11088,92144,103232,23571,118777,142348
2016-07-01,7,2016,14413,137891,152304,3980,42818,46798,39826,204286,244112,27820,104657,132477,12544,130662,143206,14170,123547,137717,26291,187028,213319,17430,220575,238005,15680,164125,179805,31493,203468,234961,390975,2794716,3185691,11417,105717,117134,7516,87220,94736,33829,194327,228156,8026,110956,118982,16463,127381,143844,15457,138928,154385,26449,127580,154029,25485,109717,135202,7827,62336,70163,11162,92478,103640,23697,119019,142716
2016-08-01,8,2016,14291,137820,152111,3948,42823,46771,39570,204016,243586,27590,104274,131864,12441,130540,142981,14062,123447,137509,26161,186866,213027,17409,220564,237973,15630,164045,179675,31332,203177,234509,388514,2791579,3180093,11325,105603,116928,7446,87127,94573,33670,194009,227679,7956,110837,118793,16268,127164,143432,15415,138791,154206,26293,127389,153682,25334,109480,134814,7769,62335,70104,11081,92491,103572,23523,118781,142304
2016-09-01,9,2016,14301,137924,152225,3991,42869,46860,39746,204158,243904,27798,104502,132300,12512,130768,143280,14124,123506,137630,26214,187042,213256,17490,220878,238368,15748,164306,180054,31510,203264,234774,390343,2794430,3184773,11388,105648,117036,7461,87180,94641,33828,194219,228047,7939,110869,118808,16403,127281,143684,15468,138892,154360,26388,127570,153958,25445,109576,135021,7792,62378,70170,11166,92662,103828,23631,118938,142569
2016-10-01,10,2016,14169,137646,151815,3997,42853,46850,39556,203602,243158,27629,104173,131802,12491,130739,143230,14048,123340,137388,26091,186692,212783,17520,220890,238410,15756,164157,179913,31210,202857,234067,388490,2790349,3178839,11340,105509,116849,7392,87011,94403,33674,193858,227532,7910,110750,118660,16619,126967,143586,15466,138844,154310,26165,127187,153352,25197,109309,134506,7689,62286,69975,11078,92838,103916,23493,118841,142334
2016-11-01,11,2016,14311,137809,152120,4029,42905,46934,40152,203712,243864,28130,104181,132311,12710,130865,143575,14304,123298,137602,26359,186611,212970,17699,221023,238722,15992,164394,180386,31591,202830,234421,394017,2791544,3185561,11636,105584,117220,7463,87012,94475,34081,193873,227954,8013,110821,118834,17059,127025,144084,15668,138873,154541,26437,127252,153689,25638,109261,134899,7788,62288,70076,11209,93001,104210,23748,118926,142674
2016-12-01,12,2016,14416,138033,152449,4068,42966,47034,40659,204122,244781,28301,104350,132651,12810,131028,143838,14433,123523,137956,26576,186788,213364,17891,221375,239266,16105,164690,180795,31791,202975,234766,397671,2795463,3193134,11737,105748,117485,7553,86998,94551,34437,194040,228477,8066,110933,118999,17284,127106,144390,15791,139134,154925,26716,127552,154268,25995,109354,135349,7814,62387,70201,11250,93260,104510,23978,119101,143079
2017-01-01,1,2017,14315,138022,152337,4052,42948,47000,40796,203913,244709,28200,104222,132422,12767,131049,143816,14389,123554,137943,26572,186561,213133,17802,221423,239225,16036,164843,180879,31746,202740,234486,396965,2794152,3191117,11575,105735,117310,7567,86928,94495,34410,193839,228249,8053,110791,118844,17151,127098,144249,15744,139038,154782,26743,127479,154222,26010,109179,135189,7799,62404,70203,11236,93329,104565,24002,119057,143059
2017-02-01,2,2017,14198,138159,152357,4055,42975,47030,40940,204036,244976,27984,104194,132178,12708,131230,143938,14187,123682,137869,26567,186601,213168,17877,221654,239531,16112,165122,181234,31826,202654,234480,396803,2796003,3192806,11416,105721,117137,7523,86909,94432,34503,193869,228372,8003,110845,118848,17056,127141,144197,15881,139182,155063,26692,127654,154346,26135,109231,135366,7763,62488,70251,11253,93527,104780,24124,119129,143253
2017-03-01,3,2017,14232,138413,152645,4059,43077,47136,41293,204213,245506,28174,104362,132536,12770,131384,144154,14228,123788,138016,26693,186788,213481,18058,222031,240089,16149,165327,181476,32098,202838,234936,399555,2798977,3198532,11413,105843,117256,7528,86898,94426,34783,193930,228713,8071,110840,118911,17178,127273,144451,16062,139261,155323,26912,127873,154785,26387,109343,135730,7822,62522,70344,11292,93741,105033,24353,119232,143585
2017-04-01,4,2017,14064,138110,152174,4060,43124,47184,41244,203967,245211,27870,103882,131752,12652,131310,143962,14047,123591,137638,26740,186483,213223,17972,222064,240036,16055,165257,181312,32116,202580,234696,398189,2795307,3193496,11319,105728,117047,7559,86854,94413,34707,193563,228270,7981,110618,118599,16922,127033,143955,16108,139141,155249,26870,127524,154394,26380,109077,135457,7789,62565,70354,11318,93781,105099,24416,119055,143471
2017-05-01,5,2017,14064,138131,152195,4082,43223,47305,41408,203953,245361,27907,103659,131566,12682,131361,144043,14077,123563,137640,26895,186521,213416,18128,222441,240569,16080,165565,181645,32222,202457,234679,399589,2796115,3195704,11315,105758,117073,7578,86802,94380,34788,193486,228274,8025,110593,118618,16918,127002,143920,16195,139171,155366,26836,127509,154345,26563,109095,135658,7839,62612,70451,11410,94108,105518,24577,119105,143682
2017-06-01,6,2017,14153,138285,152438,4111,43350,47461,41841,204334,246175,28074,103671,131745,12751,131525,144276,14153,123667,137820,27153,186768,213921,18180,222814,240994,16185,165991,182176,32464,202530,234994,402826,2799854,3202680,11358,105855,117213,7658,86761,94419,35195,193721,228916,8011,110680,118691,17027,127120,144147,16375,139249,155624,27081,127757,154838,26846,109175,136021,7880,62769,70649,11528,94468,105996,24802,119364,144166
2017-07-01,7,2017,14206,138382,152588,4149,43437,47586,42231,204569,246800,28116,103782,131898,12773,131693,144466,14214,123744,137958,27320,186953,214273,18315,223069,241384,16227,166131,182358,32730,202547,235277,405309,2802537,3207846,11339,106023,117362,7722,86746,94468,35557,193809,229366,8036,110721,118757,17081,127343,144424,16516,139326,155842,27240,127941,155181,27061,109226,136287,7875,62836,70711,11587,94744,106331,25014,119515,144529
2017-08-01,8,2017,14212,138328,152540,4130,43460,47590,42235,204281,246516,27984,103513,131497,12706,131616,144322,14178,123601,137779,27370,186887,214257,18304,223224,241528,16254,166183,182437,32794,202301,235095,404878,2800512,3205390,11295,105941,117236,7710,86726,94436,35614,193452,229066,8003,110640,118643,16877,127054,143931,16494,139226,155720,27123,127790,154913,27025,109109,136134,7891,62820,70711,11629,94915,106544,25050,119445,144495
2017-09-01,9,2017,14185,138306,152491,4132,43492,47624,42586,204406,246992,27995,103472,131467,12781,131729,144510,14240,123710,137950,27455,187024,214479,18395,223459,241854,16390,166388,182778,32832,202376,235208,406906,2802588,3209494,11315,106042,117357,7770,86760,94530,35912,193519,229431,8007,110767,118774,17073,127111,144184,16530,139310,155840,27212,127923,155135,27168,109193,136361,7914,62906,70820,11754,95100,106854,25260,119595,144855
2017-10-01,10,2017,14331,138401,152732,4187,43573,47760,43019,204538,247557,28424,103611,132035,12960,131990,144950,14439,123811,138250,27749,187009,214758,18731,223724,242455,16637,166639,183276,33282,202400,235682,412420,2805312,3217732,11475,106192,117667,7831,86815,94646,36401,193700,230101,8136,110829,118965,17515,127236,144751,16802,139449,156251,27512,128054,155566,27488,109343,136831,8011,62945,70956,11896,95290,107186,25594,119763,145357
2017-11-01,11,2017,14556,138604,153160,4205,43555,47760,43676,204722,248398,29020,103724,132744,13146,132095,145241,14769,123928,138697,28163,187096,215259,19092,224065,243157,16897,166766,183663,33712,202407,236119,419356,2807414,3226770,11743,106312,118055,7888,86746,94634,37073,193764,230837,8299,110910,119209,18083,127338,145421,17114,139455,156569,27985,128250,156235,27806,109352,137158,8150,62959,71109,12058,95496,107554,25921,119870,145791
2017-12-01,12,2017,14532,138508,153040,4228,43633,47861,43898,204533,248431,29066,103553,132619,13172,132037,145209,14805,123863,138668,28181,186792,214973,19225,224036,243261,16990,166886,183876,33882,202167,236049,420979,2805529,3226508,11772,106422,118194,7940,86621,94561,37205,193599,230804,8376,110822,119198,18213,127351,145564,17131,139276,156407,28073,128142,156215,27974,109100,137074,8132,62965,71097,12054,95561,107615,26130,119662,145792
2018-01-01,1,2018,14619,138728,153347,4246,43673,47919,44331,204610,248941,29190,103591,132781,13210,132134,145344,14850,123992,138842,28349,186751,215100,19325,224227,243552,17159,167175,184334,34218,202234,236452,423958,2807104,3231062,11748,106475,118223,7960,86561,94521,37520,193655,231175,8418,110931,119349,18233,127459,145692,17388,139247,156635,28247,128223,156470,28269,109143,137412,8154,62966,71120,12163,95697,107860,26361,119632,145993
2018-02-01,2,2018,14578,138860,153438,4287,43791,48078,44761,204717,249478,29189,103619,132808,13250,132314,145564,14861,124195,139056,28535,186857,215392,19538,224592,244130,17321,167535,184856,34535,202381,236916,426456,2809948,3236404,11686,106745,118431,7965,86605,94570,37863,193661,231524,8492,111022,119514,18194,127621,145815,17625,139358,156983,28283,128382,156665,28440,109171,137611,8231,62999,71230,12285,95842,108127,26537,119681,146218
2018-03-01,3,2018,14630,138901,153531,4318,43878,48196,45200,204743,249943,29280,103608,132888,13256,132308,145564,14869,124243,139112,28760,186803,215563,19685,224782,244467,17409,167742,185151,34819,202291,237110,429729,2810987,3240716,11712,106789,118501,8060,86588,94648,38325,193779,232104,8511,111005,119516,18288,127605,145893,17788,139431,157219,28448,128421,156869,28746,109205,137951,8298,63007,71305,12384,95970,108354,26943,119888,146831
2018-04-01,4,2018,14619,138721,153340,4365,43946,48311,45315,204358,249673,29091,103193,132284,13172,132208,145380,14827,124050,138877,28888,186632,215520,19756,224721,244477,17415,167860,185275,34858,201940,236798,430149,2807698,3237847,11696,106699,118395,8150,86481,94631,38427,193388,231815,8538,110837,119375,18119,127352,145471,17832,139327,157159,28464,128132,156596,28809,109029,137838,8286,62976,71262,12456,96050,108506,27066,119798,146864
2018-05-01,5,2018,14795,138912,153707,4405,44077,48482,45966,204641,250607,29343,103187,132530,13281,132347,145628,14934,124141,139075,29219,186673,215892,19864,225079,244943,17630,168272,185902,35249,202125,237374,435026,2811189,3246215,11760,106838,118598,8244,86537,94781,39051,193712,232763,8642,110813,119455,18269,127409,145678,18134,139581,157715,28710,128230,156940,29218,109107,138325,8356,63113,71469,12590,96308,108898,27366,120087,147453
2018-06-01,6,2018,14755,138670,153425,4440,44106,48546,46139,204413,250552,29237,102953,132190,13310,132260,145570,14895,123986,138881,29335,186524,215859,19939,224944,244883,17703,168328,186031,35347,201860,237207,436308,2808570,3244878,11833,106772,118605,8365,86444,94809,39330,193496,232826,8657,110676,119333,18194,127276,145470,18235,139365,157600,28672,128062,156734,29364,109002,138366,8346,63141,71487,12738,96298,109036,27474,119994,147468
2018-07-01,7,2018,14780,138635,153415,4422,44075,48497,46316,204355,250671,29120,102764,131884,13281,132149,145430,14833,123880,138713,29325,186359,215684,19964,225029,244993,17749,168347,186096,35414,201669,237083,436716,2807487,3244203,11830,106862,118692,8352,86334,94686,39466,193438,232904,8656,110605,119261,18079,127225,145304,18288,139253,157541,28730,127973,156703,29494,109010,138504,8299,63118,71417,12772,96387,109159,27546,120020,147566
2018-08-01,8,2018,14831,138687,153518,4433,44178,48611,46671,204416,251087,29234,102730,131964,13348,132216,145564,14882,123955,138837,29485,186424,215909,20164,225341,245505,17863,168594,186457,35672,201670,237342,439560,2808746,3248306,11872,106889,118761,8396,86294,94690,39852,193528,233380,8683,110530,119213,18151,127277,145428,18487,139318,157805,28883,128086,156969,29642,108993,138635,8337,63111,71448,12904,96481,109385,27770,120028,147798
2018-09-01,9,2018,14932,138629,153561,4486,44213,48699,47176,204572,251748,29413,102831,132244,13421,132194,145615,14936,123986,138922,29775,186430,216205,20266,225439,245705,18155,168773,186928,36009,201621,237630,443461,2809457,3252918,11942,106806,118748,8455,86243,94698,40217,193580,233797,8778,110509,119287,18321,127309,145630,18707,139264,157971,29053,128133,157186,29899,108991,138890,8468,63205,71673,13049,96661,109710,28003,120068,148071
2018-10-01,10,2018,14928,138715,153643,4499,44297,48796,47399,204817,252216,29553,102948,132501,13474,132288,145762,15147,124105,139252,29857,186342,216199,20345,225719,246064,18376,169035,187411,36152,201603,237755,445990,2811282,3257272,12051,106886,118937,8465,86202,94667,40619,193625,234244,8879,110594,119473,18551,127342,145893,18864,139288,158152,29136,128182,157318,29972,109041,139013,8487,63254,71741,13128,96807,109935,28108,120192,148300
2018-11-01,11,2018,15099,138681,153780,4534,44351,48885,48068,204605,252673,30195,103266,133461,13665,132266,145931,15505,124058,139563,30186,186255,216441,20604,225753,246357,18740,169145,187885,36567,201461,238028,452622,2810488,3263110,12332,107018,119350,8664,86091,94755,41177,193305,234482,9050,110550,119600,19094,127281,146375,19091,139166,158257,29565,128087,157652,30301,109012,139313,8625,63260,71885,13258,96830,110088,28302,120047,148349
2018-12-01,12,2018,15363,138841,154204,4639,44432,49071,48825,204608,253433,30822,103920,134742,13866,132312,146178,15849,124071,139920,30627,186189,216816,20911,225786,246697,19107,169419,188526,37067,201559,238626,460363,2812159,3272522,12576,107114,119690,8809,86045,94854,41855,193252,235107,9215,110489,119704,19507,127213,146720,19423,139148,158571,30090,128239,158329,30717,109043,139760,8755,63357,72112,13493,96965,110458,28847,120157,149004
2019-01-01,1,2019,15365,138899,154264,4637,44433,49070,49167,204630,253797,30917,104397,135314,13850,132381,146231,15851,124063,139914,30780,186081,216861,20957,225683,246640,19173,169521,188694,37342,201559,238901,462429,2812766,3275195,12610,107179,119789,8873,85945,94818,42178,193240,235418,9279,110408,119687,19427,127151,146578,19506,139096,158602,30152,128342,158494,30884,109025,139909,8772,63522,72294,13591,97052,110643,29118,120159,149277
2019-02-01,2,2019,15324,139052,154376,4661,44506,49167,49316,204557,253873,30901,104917,135818,13906,132411,146317,15759,124038,139797,30983,186077,217060,21001,225821,246822,19329,169739,189068,37384,201322,238706,463717,2813673,3277390,12503,107273,119776,8979,85921,94900,42420,193225,235645,9292,110461,119753,19329,127154,146483,19611,139026,158637,30174,128193,158367,30954,108855,139809,8867,63721,72588,13739,97211,110950,29285,120193,149478
2019-03-01,3,2019,15343,139055,154398,4661,44498,49159,49664,204389,254053,31085,105285,136370,13958,132408,146366,15777,123943,139720,31074,185983,217057,21075,225746,246821,19409,169777,189186,37532,201295,238827,465964,2813424,3279388,12462,107306,119768,9077,85912,94989,42815,193190,236005,9314,110481,119795,19425,127076,146501,19691,138891,158582,30208,128065,158273,31119,108794,139913,8947,63725,72672,13841,97307,111148,29487,120298,149785
2019-04-01,4,2019,15395,139029,154424,4695,44578,49273,50046,204429,254475,31120,105569,136689,14015,132530,146545,15814,123985,139799,31207,185942,217149,21211,225794,247005,19545,170047,189592,37749,201210,238959,468600,2814511,3283111,12530,107339,119869,9156,85857,95013,43066,193258,236324,9384,110475,119859,19534,127051,146585,19781,138860,158641,30318,128170,158488,31341,108835,140176,9053,63786,72839,13925,97441,111366,29715,120326,150041
2019-05-01,5,2019,15496,139099,154595,4747,44646,49393,50614,204612,255226,31381,105755,137136,14086,132675,146761,15897,123964,139861,31584,186058,217642,21382,226031,247413,19752,170378,190130,38150,201428,239578,473351,2816997,3290348,12646,107379,120025,9276,85901,95177,43646,193371,237017,9440,110486,119926,19648,127019,146667,19994,138965,158959,30618,128338,158956,31800,108910,140710,9104,63860,72964,14029,97620,111649,30061,120502,150563
2019-06-01,6,2019,15601,139246,154847,4806,44720,49526,51230,204976,256206,31738,106122,137860,14240,132821,147061,15988,123983,139971,31855,186257,218112,21565,226399,247964,19894,170773,190667,38703,201543,240246,478368,2820647,3299015,12780,107454,120234,9346,85942,95288,44174,193592,237766,9535,110563,120098,19811,127018,146829,20290,139158,159448,30784,128483,159267,32157,108994,141151,9167,63924,73091,14238,97866,112104,30466,120813,151279
2019-07-01,7,2019,15734,139418,155152,4844,44803,49647,51841,205276,257117,32020,106532,138552,14324,132918,147242,16017,124115,140132,32232,186490,218722,21805,226779,248584,20094,171237,191331,39122,201692,240814,483343,2825125,3308468,12881,107667,120548,9504,86033,95537,44783,193789,238572,9595,110562,120157,19895,127121,147016,20561,139399,159960,31082,128770,159852,32510,109136,141646,9221,64077,73298,14453,98277,112730,30825,121034,151859
2019-08-01,8,2019,15827,139550,155377,4916,44848,49764,52360,205457,257817,32409,106628,139037,14457,132978,147435,16130,124159,140289,32573,186587,219160,22074,227085,249159,20297,171719,192016,39518,201647,241165,488508,2827719,3316227,13000,107849,120849,9649,86051,95700,45329,193929,239258,9656,110583,120239,20118,127155,147273,20853,139529,160382,31394,129027,160421,32795,109149,141944,9333,64172,73505,14641,98481,113122,31179,121136,152315
2019-09-01,9,2019,15920,139724,155644,4979,44876,49855,52981,205715,258696,32774,106803,139577,14498,133156,147654,16280,124230,140510,32874,186808,219682,22169,227242,249411,20534,172013,192547,39976,201776,241752,493531,2831090,3324621,13129,107903,121032,9741,86084,95825,45882,194197,240079,9795,110670,120465,20276,127286,147562,21262,139616,160878,31598,129290,160888,33158,109323,142481,9389,64294,73683,14818,98662,113480,31498,121422,152920
2019-10-01,10,2019,15889,139540,155429,5017,44949,49966,52904,205403,258307,32708,106336,139044,14459,133049,147508,16355,124176,140531,32864,186519,219383,22249,227271,249520,20671,172213,192884,40021,201437,241458,494071,2828497,3322568,13161,108011,121172,9793,85968,95761,45846,193761,239607,9820,110617,120437,20320,127042,147362,21429,139475,160904,31628,129161,160789,33043,109103,142146,9424,64376,73800,14960,98727,113687,31510,121363,152873
2019-11-01,11,2019,16226,139626,155852,5085,44985,50070,54119,205425,259544,33702,106591,140293,14806,133010,147816,16874,124254,141128,33307,186454,219761,22657,227425,250082,21030,172359,193389,40727,201327,242054,504614,2829675,3334289,13586,108156,121742,9961,85870,95831,46780,193746,240526,10086,110582,120668,21104,126973,148077,21855,139449,161304,32203,129338,161541,33524,109031,142555,9610,64469,74079,15299,98966,114265,32073,121639,153712
2019-12-01,12,2019,16369,139699,156068,5086,45056,50142,54799,205619,260418,34098,106762,140860,14913,133053,147966,17088,124239,141327,33772,186659,220431,22895,227592,250487,21234,172496,193730,41230,201339,242569,510463,2831553,3342016,13737,108320,122057,10077,85825,95902,47371,193893,241264,10206,110610,120816,21393,126956,148349,22149,139434,161583,32486,129423,161909,33948,109094,143042,9628,64544,74172,15472,99160,114632,32512,121780,154292
2020-01-01,1,2020,16453,139723,156176,5076,45082,50158,55371,205747,261118,34232,106759,140991,14931,133108,148039,17165,124232,141397,33956,186642,220598,23018,227618,250636,21311,172522,193833,41594,201329,242923,513995,2831899,3345894,13798,108366,122164,10133,85774,95907,47852,193814,241666,10256,110617,120873,21483,126922,148405,22294,139378,161672,32599,129392,161991,34287,109078,143365,9667,64568,74235,15560,99272,114832,32959,121956,154915
2020-02-01,2,2020,16429,139803,156232,5104,45165,50269,55683,205797,261480,34145,106645,140790,14995,133142,148137,17166,124218,141384,34090,186713,220803,23087,227804,250891,21465,172738,194203,41858,201455,243313,515773,2832763,3348536,13706,108508,122214,9974,85754,95728,48245,193720,241965,10225,110631,120856,21464,126800,148264,22468,139422,161890,32517,129429,161946,34418,108953,143371,9747,64672,74419,15719,99454,115173,33268,121940,155208
2020-03-01,3,2020,16548,139912,156460,5130,45165,50295,56198,205821,262019,34391,106779,141170,15073,133034,148107,17256,124257,141513,34303,186661,220964,23243,227936,251179,21622,172868,194490,42272,201337,243609,520470,2833309,3353779,13823,108562,122385,10095,85693,95788,48855,193820,242675,10280,110557,120837,21594,126797,148391,22800,139442,162242,32757,129538,162295,34823,108921,143744,9827,64726,74553,15953,99445,115398,33627,122038,155665
2020-04-01,4,2020,16597,139820,156417,5119,45167,50286,56312,205695,262007,34478,106640,141118,15073,132987,148060,17275,124141,141416,34336,186580,220916,23261,227855,251116,21690,172808,194498,42364,201199,243563,521326,2831392,3352718,13827,108427,122254,10121,85647,95768,49059,193673,242732,10293,110466,120759,21640,126665,148305,22780,139303,162083,32833,129421,162254,34873,108814,143687,9812,64755,74567,16014,99361,115375,33569,121968,155537
2020-05-01,5,2020,16549,139760,156309,5098,45189,50287,56158,205452,261610,34448,106512,140960,15039,132918,147957,17230,124024,141254,34266,186461,220727,23275,227788,251063,21672,172842,194514,42271,200943,243214,520224,2829222,3349446,13798,108285,122083,10084,85508,95592,48950,193456,242406,10264,110325,120589,21616,126509,148125,22706,139209,161915,32727,129330,162057,34793,108697,143490,9797,64742,74539,15992,99374,115366,33491,121898,155389
2020-06-01,6,2020,16575,139919,156494,5109,45236,50345,56274,205585,261859,34550,106610,141160,15051,132992,148043,17248,124009,141257,34338,186511,220849,23328,228054,251382,21717,173140,194857,42332,201065,243397,521210,2831526,3352736,13837,108380,122217,10107,85557,95664,49045,193661,242706,10294,110375,120669,21640,126519,148159,22754,139304,162058,32772,129432,162204,34843,108801,143644,9824,64812,74636,16036,99544,115580,33536,122020,155556
2020-07-01,7,2020,16465,139545,156010,5122,45198,50320,55986,204815,260801,34371,105989,140360,14967,132516,147483,17080,123436,140516,34163,185955,220118,23225,227430,250655,21659,172870,194529,42148,200299,242447,518765,2822508,3341273,13790,108090,121880,10070,85305,95375,48845,193056,241901,10241,109997,120238,21385,125964,147349,22713,138983,161696,32555,128678,161233,34674,108467,143141,9831,64746,74577,16055,99440,115495,33420,121729,155149
2020-08-01,8,2020,16514,139135,155649,5149,45088,50237,56546,204231,260777,34682,105904,140586,15060,132231,147291,17106,123156,140262,34395,185297,219692,23271,226796,250067,21739,172530,194269,42496,199766,242262,522228,2814964,3337192,13887,107743,121630,10096,85012,95108,49167,192278,241445,10260,109710,119970,21478,125569,147047,22919,138524,161443,32753,128416,161169,34958,108249,143207,9910,64665,74575,16108,99121,115229,33734,121543,155277
2020-09-01,9,2020,16563,138946,155509,5155,45089,50244,56885,203945,260830,34925,105876,140801,15083,132104,147187,17174,122898,140072,34434,185012,219446,23300,226575,249875,21785,172446,194231,42718,199510,242228,524395,2812277,3336672,13877,107610,121487,10093,84892,94985,49400,192034,241434,10280,109538,119818,21575,125371,146946,23004,138316,161320,32849,128429,161278,35166,108237,143403,9973,64858,74831,16148,99140,115288,34008,121451,155459
2020-10-01,10,2020,16484,139014,155498,5157,45071,50228,56556,203691,260247,35057,105588,140645,14937,131955,146892,17148,122782,139930,34253,184707,218960,23055,226380,249435,21669,172471,194140,42448,199267,241715,522134,2809667,3331801,13802,107637,121439,10092,84693,94785,49175,191570,240745,10252,109391,119643,21397,125229,146626,22960,138273,161233,32597,128289,160886,35056,108062,143118,9966,65005,74971,16154,99121,115275,33919,121471,155390
2020-11-01,11,2020,16668,138876,155544,5185,45139,50324,56804,203632,260436,35854,105680,141534,15063,131917,146980,17330,122688,140018,34274,184456,218730,23086,226343,249429,21715,172315,194030,42729,199092,241821,525542,2808409,3333951,13943,107645,121588,10120,84576,94696,49352,191273,240625,10344,109290,119634,21737,125083,146820,23051,138161,161212,32753,128211,160964,35238,108051,143289,10024,65275,75299,16225,99162,115387,34047,121544,155591
2020-12-01,12,2020,16774,138513,155287,5174,45111,50285,56926,203222,260148,36512,105431,141943,15154,131425,146579,17459,122213,139672,34320,183825,218145,23055,225916,248971,21803,172322,194125,42929,198719,241648,528043,2803007,3331050,14079,107439,121518,10130,84332,94462,49506,190942,240448,10374,108910,119284,22009,124770,146779,23179,137927,161106,32911,127912,160823,35298,108004,143302,10087,65561,75648,16265,99034,115299,34099,121479,155578
2021-01-01,1,2021,16159,137287,153446,5011,44851,49862,54797,201875,256672,35749,104377,140126,14669,130273,144942,16970,120980,137950,33179,182383,215562,22146,224414,246560,20982,171272,192254,41441,197370,238811,510215,2782734,3292949,13677,106700,120377,9758,83661,93419,47768,189600,237368,9996,108208,118204,21426,123729,145155,22296,137116,159412,31700,126818,158518,34100,107309,141409,9808,65300,75108,15717,98385,114102,32866,120826,153692
2021-02-01,2,2021,16809,138000,154809,5194,45072,50266,56719,202816,259535,37005,105094,142099,15216,131014,146230,17534,121633,139167,34396,183226,217622,22967,225417,248384,21783,172006,193789,42891,198122,241013,528388,2795659,3324047,14127,107212,121339,10124,83989,94113,49404,190332,239736,10390,108616,119006,22277,124421,146698,23053,137685,160738,32889,127501,160390,35220,107735,142955,10136,65647,75783,16239,98823,115062,34015,121298,155313
2021-03-01,3,2021,16089,137885,153974,5005,45060,50065,54525,202865,257390,35566,105093,140659,14478,130922,145400,16565,121431,137996,32973,183150,216123,21845,225316,247161,20979,171966,192945,41116,197960,239076,507115,2794776,3301891,13363,107351,120714,9730,83876,93606,47714,190253,237967,9939,108448,118387,21080,124236,145316,22306,137753,160059,31416,127365,158781,33907,107718,141625,9895,65926,75821,15825,98860,114685,32799,121342,154141
2021-04-01,4,2021,16186,137788,153974,5026,45075,50101,54957,202902,257859,36297,105102,141399,14664,130955,145619,16771,121324,138095,33298,183087,216385,22052,225382,247434,21223,172040,193263,41519,197884,239403,512246,2794435,3306681,13502,107393,120895,9786,83804,93590,48031,190196,238227,10079,108291,118370,21417,124186,145603,22489,137659,160148,31776,127230,159006,34173,107742,141915,10011,66175,76186,15894,98811,114705,33095,121409,154504
2021-05-01,5,2021,16189,137682,153871,4994,45143,50137,54715,202792,257507,36305,105015,141320,14649,130791,145440,16772,121100,137872,33156,183050,216206,21886,225615,247501,21289,172197,193486,41445,197797,239242,511293,2794335,3305628,13491,107346,120837,9690,83766,93456,47871,190206,238077,10077,108201,118278,21452,124058,145510,22547,137734,160281,31691,127077,158768,34085,107769,141854,10044,66579,76623,15894,98921,114815,33051,121496,154547
2021-06-01,6,2021,16136,137513,153649,4965,45128,50093,54376,202464,256840,36207,104794,141001,14584,130597,145181,16726,120896,137622,33012,182603,215615,21705,225461,247166,21242,172071,193313,41152,197519,238671,508637,2790780,3299417,13424,107319,120743,9676,83627,93303,47442,189820,237262,10033,108003,118036,21393,123848,145241,22421,137624,160045,31535,126796,158331,33842,107696,141538,10057,66829,76886,15797,98821,114618,32912,121351,154263
2021-07-01,7,2021,16205,137646,153851,4987,45198,50185,54690,202660,257350,36519,104804,141323,14628,130623,145251,16866,120855,137721,33140,182650,215790,21786,225669,247455,21343,172352,193695,41271,197678,238949,511139,2793204,3304343,13523,107509,121032,9733,83499,93232,47465,189975,237440,10183,108100,118283,21642,124069,145711,22490,137542,160032,31692,126882,158574,33980,107709,141689,10103,67323,77426,15867,98972,114839,33026,121489,154515
2021-08-01,8,2021,16240,137557,153797,4975,45183,50158,54620,202550,257170,36805,104665,141470,14645,130404,145049,16947,120846,137793,33104,182453,215557,21859,225530,247389,21404,172338,193742,41345,197524,238869,511736,2791629,3303365,13549,107509,121058,9695,83346,93041,47458,189772,237230,10221,108025,118246,21750,124025,145775,22436,137359,159795,31686,126862,158548,33883,107701,141584,10161,67569,77730,15961,98937,114898,32992,121474,154466
2021-09-01,9,2021,16324,137562,153886,4992,45268,50260,54774,202595,257369,36962,104653,141615,14662,130351,145013,17056,120835,137891,33183,182389,215572,21914,225380,247294,21560,172349,193909,41391,197466,238857,513604,2791835,3305439,13579,107495,121074,9759,83295,93054,47580,189864,237444,10272,108045,118317,21918,124034,145952,22519,137355,159874,31800,126822,158622,33935,107726,141661,10273,67861,78134,16074,99013,115087,33077,121477,154554
2021-10-01,10,2021,16272,137420,153692,4983,45292,50275,54677,202329,257006,37103,104409,141512,14697,130381,145078,17207,120879,138086,33123,182161,215284,21891,225352,247243,21686,172431,194117,41267,197379,238646,514019,2790682,3304701,13645,107428,121073,9756,83149,92905,47528,189632,237160,10259,108042,118301,22353,124022,146375,22460,137117,159577,31662,126843,158505,33847,107775,141622,10297,68112,78409,16146,99029,115175,33160,121500,154660
2021-11-01,11,2021,16432,137293,153725,5017,45226,50243,54932,201949,256881,37763,104196,141959,14933,130342,145275,17560,120796,138356,33270,181845,215115,22074,225232,247306,21883,172280,194163,41575,196989,238564,518570,2787211,3305781,13780,107298,121078,9815,83007,92822,47664,189130,236794,10431,107955,118386,22933,123859,146792,22674,136979,159653,31981,126629,158610,33864,107599,141463,10445,68373,78818,16285,98936,115221,33259,121298,154557
2021-12-01,12,2021,16688,137294,153982,5110,45249,50359,55700,201932,257632,38286,104150,142436,15135,130342,145477,17918,120865,138783,33772,181769,215541,22413,225388,247801,22198,172370,194568,42041,196944,238985,525986,2788150,3314136,13955,107357,121312,9966,83000,92966,48287,189225,237512,10574,107972,118546,23358,123848,147206,23019,136966,159985,32413,126640,159053,34306,107731,142037,10666,68769,79435,16516,98957,115473,33665,121382,155047
2022-01-01,1,2022,16381,136646,153027,5072,45144,50216,55238,201045,256283,37386,102797,140183,14915,129755,144670,17616,120113,137729,33569,181044,214613,22235,224624,246859,21999,171798,193797,41700,196080,237780,520240,2775793,3296033,13727,107019,120746,9939,82720,92659,47938,188398,236336,10432,107540,117972,22803,123138,145941,22859,136432,159291,32027,125829,157856,33875,107345,141220,10619,68823,79442,16473,98635,115108,33437,120868,154305
2022-02-01,2,2022,16455,136978,153433,5112,45140,50252,55809,201405,257214,37539,102995,140534,14940,130000,144940,17595,120334,137929,33893,181259,215152,22420,224857,247277,22170,172038,194208,42016,196301,238317,524022,2779892,3303914,13661,107116,120777,9996,82770,92766,48381,188681,237062,10467,107671,118138,22828,123345,146173,23173,136520,159693,32254,126085,158339,34116,107494,141610,10750,69071,79821,16707,98772,115479,33740,121060,154800
2022-03-01,3,2022,16495,136894,153389,4971,43652,48623,56224,201129,257353,37509,102850,140359,15029,129948,144977,17644,120270,137914,34231,181083,215314,22526,224782,247308,22518,173476,195994,42409,196122,238531,527773,2778399,3306172,13613,107100,120713,10055,82670,92725,48835,188625,237460,10514,107596,118110,22899,123125,146024,23555,136460,160015,32453,126002,158455,34273,107382,141655,10984,69374,80358,16890,98770,115660,34146,121089,155235
2022-04-01,4,2022,16599,136919,153518,5060,43642,48702,57587,201271,258858,37802,102693,140495,15160,129868,145028,17918,120316,138234,34990,181083,216073,23049,224924,247973,22975,173876,196851,43372,196239,239611,537784,2779905,3317689,13818,107174,120992,10289,82628,92917,50061,188677,238738,10644,107662,118306,23097,122918,146015,24081,136507,160588,32846,126137,158983,34868,107463,142331,11336,69722,81058,17226,98973,116199,35006,121213,156219
2022-05-01,5,2022,16794,136945,153739,5127,43723,48850,58556,201461,260017,38046,102632,140678,15341,129869,145210,18091,120286,138377,35494,181314,216808,23416,225188,248604,23171,174091,197262,44014,196469,240483,545008,2781997,3327005,13950,107268,121218,10487,82636,93123,50807,188788,239595,10753,107663,118416,23272,122940,146212,24474,136513,160987,33254,126251,159505,35356,107522,142878,11521,70067,81588,17440,99036,116476,35644,121335,156979
2022-06-01,6,2022,16935,137002,153937,5131,43708,48839,59571,201746,261317,38300,102701,141001,15420,129765,145185,18236,120278,138514,35954,181341,217295,23559,225213,248772,23519,174274,197793,44640,196589,241229,551728,2783163,3334891,14069,107353,121422,10707,82619,93326,51572,188771,240343,10880,107639,118519,23400,122868,146268,24961,136602,161563,33542,126335,159877,35776,107562,143338,11774,70253,82027,17640,99067,116707,36142,121477,157619
2022-07-01,7,2022,16872,137201,154073,5101,43770,48871,59820,201934,261754,38139,102714,140853,15380,129918,145298,18204,120452,138656,36043,182216,218259,23662,225433,249095,23709,174527,198236,44784,196717,241501,552639,2786656,3339295,14016,107564,121580,10703,82646,93349,51775,188884,240659,10843,107707,118550,23277,122831,146108,25144,136658,161802,33605,126504,160109,35933,107573,143506,11768,70570,82338,17677,99209,116886,36184,121628,157812
2022-08-01,8,2022,17002,137198,154200,5121,43725,48846,60497,201999,262496,38431,102712,141143,15502,129881,145383,18364,120394,138758,36517,182331,218848,23884,225503,249387,23929,174636,198565,45104,196765,241869,557663,2787348,3345011,14200,107669,121869,10805,82589,93394,52372,188936,241308,10933,107612,118545,23447,122777,146224,25367,136590,161957,33876,126573,160449,36106,107589,143695,11827,70750,82577,17824,99316,117140,36555,121803,158358
2022-09-01,9,2022,16931,136794,153725,5103,43631,48734,60672,201365,262037,38030,101994,140024,15398,129404,144802,18325,119870,138195,36665,181901,218566,23868,225005,248873,23975,174375,198350,45272,196195,241467,558130,2779437,3337567,14163,107463,121626,10889,82405,93294,52595,188507,241102,10903,107360,118263,23269,122229,145498,25544,136169,161713,33914,126013,159927,36159,107255,143414,11815,70855,82670,17910,99119,117029,36730,121523,158253
2022-10-01,10,2022,17046,137072,154118,5129,43679,48808,61228,201742,262970,38403,102320,140723,15659,129709,145368,18738,120143,138881,37060,182324,219384,24104,225184,249288,24317,174609,198926,45599,196379,241978,564242,2784134,3348376,14431,107666,122097,11012,82387,93399,53186,188677,241863,11050,107394,118444,23924,122523,146447,25739,136263,162002,34256,126470,160726,36302,107333,143635,11864,71165,83029,18093,99322,117415,37102,121768,158870
2022-11-01,11,2022,17228,137143,154371,5161,43719,48880,61772,201767,263539,39004,102401,141405,15857,129773,145630,19091,120283,139374,37469,182377,219846,24380,225221,249601,24510,174631,199141,45952,196330,242282,570312,2785263,3355575,14637,107723,122360,11156,82290,93446,53740,188791,242531,11287,107352,118639,24453,122602,147055,25892,136249,162141,34514,126649,161163,36532,107271,143803,11984,71407,83391,18293,99381,117674,37400,121898,159298
2022-12-01,12,2022,17111,136621,153732,5137,43591,48728,61320,201028,262348,38466,101458,139924,15812,129218,145030,18989,119669,138658,37399,182564,219963,24234,224519,248753,24348,174129,198477,45684,196054,241738,566593,2775442,3342035,14574,107450,122024,11089,81980,93069,53336,187900,241236,11240,106946,118186,24190,121843,146033,25737,135626,161363,34177,125989,160166,36096,106703,142799,11990,71508,83498,18265,99127,117392,37399,121514,158913
