date,madrid_precio_m2,madrid_var_mensual,madrid_var_trimest,madrid_var_anual,arganzuela_precio_m2,arganzuela_var_mensual,arganzuela_var_trimest,arganzuela_var_anual,barajas_precio_m2,barajas_var_mensual,barajas_var_trimest,barajas_var_anual,carabanchel_precio_m2,carabanchel_var_mensual,carabanchel_var_trimest,carabanchel_var_anual,centro_precio_m2,centro_var_mensual,centro_var_trimest,centro_var_anual,chamartin_precio_m2,chamartin_var_mensual,chamartin_var_trimest,chamartin_var_anual,chamberi_precio_m2,chamberi_var_mensual,chamberi_var_trimest,chamberi_var_anual,ciudad_lineal_precio_m2,ciudad_lineal_var_mensual,ciudad_lineal_var_trimest,ciudad_lineal_var_anual,fuencarral_precio_m2,fuencarral_var_mensual,fuencarral_var_trimest,fuencarral_var_anual,hortaleza_precio_m2,hortaleza_var_mensual,hortaleza_var_trimest,hortaleza_var_anual,latina_precio_m2,latina_var_mensual,latina_var_trimest,latina_var_anual,moncloa_precio_m2,moncloa_var_mensual,moncloa_var_trimest,moncloa_var_anual,moratalaz_precio_m2,moratalaz_var_mensual,moratalaz_var_trimest,moratalaz_var_anual,puente_vallecas_precio_m2,puente_vallecas_var_mensual,puente_vallecas_var_trimest,puente_vallecas_var_anual,retiro_precio_m2,retiro_var_mensual,retiro_var_trimest,retiro_var_anual,salamanca_precio_m2,salamanca_var_mensual,salamanca_var_trimest,salamanca_var_anual,san_blas_precio_m2,san_blas_var_mensual,san_blas_var_trimest,san_blas_var_anual,tetuan_precio_m2,tetuan_var_mensual,tetuan_var_trimest,tetuan_var_anual,usera_precio_m2,usera_var_mensual,usera_var_trimest,usera_var_anual,vicalvaro_precio_m2,vicalvaro_var_mensual,vicalvaro_var_trimest,vicalvaro_var_anual,villa_vallecas_precio_m2,villa_vallecas_var_mensual,villa_vallecas_var_trimest,villa_vallecas_var_anual,villaverde_precio_m2,villaverde_var_mensual,villaverde_var_trimest,villaverde_var_anual,month,year
2023-06-01,4.015,0.9,2.0,5.1,4.392,0.1,0.8,2.8,3.507,2.8,3.2,7.5,2.457,0.4,3.5,8.2,5.368,0.2,2.3,5.4,5.701,0.8,0.8,4.8,5.943,0.4,0.3,5.0,3.382,0.1,3.1,7.7,3.831,0.2,1.5,2.7,3.984,2.1,4.4,1.0,2.527,0.2,0.2,5.1,4.413,0.2,1.5,4.8,2.784,1.4,4.5,4.7,2.182,0.5,3.9,5.4,5.061,1.3,2.5,3.7,6.627,1.5,2.1,3.3,2.778,0.7,0.1,5.2,4.11,0.4,1.7,7.3,2.276,1.3,2.0,6.7,2.94,0.8,4.7,3.7,2.64,1.8,1.4,3.5,1.926,0.7,3.4,7.1,6,2023
2023-05-01,3.979,0.1,2.0,4.9,4.396,0.5,1.0,4.8,3.411,1.8,0.1,5.2,2.448,2.1,3.0,9.3,5.357,1.2,4.0,6.3,5.654,0.7,0.7,5.1,5.921,0.1,0.5,5.9,3.384,1.0,4.0,8.3,3.825,0.6,1.8,3.0,3.9,0.9,1.8,1.0,2.522,0.8,1.0,8.9,4.406,0.2,1.5,4.8,2.744,2.1,3.8,3.2,2.172,1.7,3.1,7.6,4.998,1.8,0.6,1.4,6.532,0.7,1.6,2.8,2.758,1.2,0.7,5.4,4.094,0.7,1.6,8.0,2.246,0.2,2.7,6.4,2.918,1.9,3.9,6.5,2.688,1.5,5.4,7.0,1.912,1.4,2.3,8.3,5,2023
2023-04-01,3.977,1.1,2.8,5.6,4.376,0.4,1.0,4.4,3.351,1.4,1.2,2.5,2.398,1.0,1.4,8.6,5.292,0.9,3.0,6.0,5.614,0.8,0.1,5.9,5.928,0.1,1.2,7.8,3.352,2.2,3.3,8.7,3.803,0.8,0.8,1.8,3.865,1.3,1.8,2.2,2.543,0.8,3.4,10.6,4.397,1.1,2.7,5.2,2.687,0.8,1.3,1.1,2.136,1.7,1.1,7.4,4.908,0.6,1.8,0.9,6.489,0.0,1.3,3.5,2.792,0.6,0.6,7.4,4.068,0.7,1.7,7.1,2.25,0.9,2.5,7.9,2.865,2.0,1.7,11.2,2.648,1.6,3.7,6.4,1.885,1.2,1.6,8.2,4,2023
2023-03-01,3.935,0.9,1.4,5.2,4.358,0.1,0.6,5.4,3.399,0.3,0.2,2.0,2.374,0.1,0.3,8.6,5.247,1.9,2.9,5.1,5.659,0.6,1.5,8.4,5.923,0.5,1.8,8.2,3.281,0.8,0.7,8.0,3.775,0.5,0.9,1.0,3.816,0.4,0.9,3.3,2.523,1.0,1.9,9.9,4.348,0.1,1.4,5.1,2.665,0.8,0.2,3.8,2.1,0.3,0.9,7.7,4.936,0.7,1.3,2.6,6.487,0.9,1.0,5.4,2.776,0.1,0.3,6.6,4.041,0.3,1.1,7.9,2.231,2.0,1.5,8.9,2.809,0.0,0.3,8.5,2.605,2.2,3.4,6.0,1.862,0.3,0.8,7.8,3,2023
2023-02-01,3.9,0.8,0.4,4.5,4.354,0.5,0.5,5.1,3.407,0.5,1.1,1.6,2.377,0.5,0.9,9.9,5.152,0.3,0.3,4.4,5.695,1.5,2.9,9.6,5.891,0.6,1.3,8.2,3.255,0.3,0.8,6.8,3.758,0.4,2.1,1.3,3.832,0.9,1.9,0.8,2.498,1.6,0.7,9.1,4.343,1.4,1.0,5.7,2.643,0.4,1.2,1.8,2.107,0.2,0.7,8.6,4.97,0.6,0.6,5.0,6.426,0.3,0.5,6.2,2.778,0.1,0.6,7.6,4.03,0.8,1.2,9.2,2.186,0.4,0.2,7.7,2.809,0.3,1.6,8.8,2.549,0.2,1.7,5.9,1.869,0.7,1.4,9.1,2,2023
2023-01-01,3.87,0.3,1.2,4.8,4.333,0.1,0.6,6.3,3.391,0.1,0.0,1.4,2.366,0.0,1.1,9.7,5.137,0.7,0.1,5.7,5.61,0.6,0.9,8.2,5.857,0.7,0.8,7.8,3.244,0.5,1.5,8.3,3.774,0.9,1.6,3.4,3.797,1.4,3.2,0.4,2.46,0.7,1.2,6.4,4.282,0.1,0.0,4.4,2.654,0.6,0.7,3.6,2.112,0.4,0.9,8.8,5.0,0.1,0.0,7.7,6.408,0.2,1.0,7.0,2.775,0.3,0.5,7.0,4.0,0.0,2.2,9.0,2.195,0.2,1.9,7.7,2.817,0.0,2.5,12.8,2.554,1.4,2.6,6.1,1.856,0.5,1.3,9.3,1,2023
2022-12-01,3.881,0.9,0.8,6.3,4.331,0.0,1.5,6.1,3.394,1.5,3.3,1.1,2.366,0.4,1.1,9.8,5.101,0.7,0.3,5.7,5.577,0.8,1.2,9.5,5.818,0.0,0.4,7.8,3.26,0.7,1.2,9.2,3.808,0.7,1.0,5.0,3.85,1.4,2.0,1.6,2.477,0.1,1.8,8.4,4.287,0.3,1.4,4.9,2.67,0.2,0.9,4.9,2.12,0.1,1.3,10.0,5.004,0.1,1.2,7.4,6.422,0.5,0.7,8.1,2.783,0.4,0.1,6.8,3.999,0.4,2.3,9.1,2.198,0.3,2.5,8.6,2.818,1.3,0.2,14.7,2.519,0.5,2.6,5.0,1.847,0.2,1.0,8.7,12,2022
2022-11-01,3.916,0.0,0.6,8.4,4.331,0.5,0.6,6.1,3.447,1.6,3.7,2.1,2.355,0.7,2.2,10.2,5.136,0.1,0.5,6.5,5.533,0.4,1.2,8.6,5.816,0.1,2.0,8.4,3.281,0.4,0.2,10.8,3.837,0.0,1.8,6.7,3.905,0.5,1.0,2.7,2.48,2.0,0.9,9.2,4.299,0.4,2.1,6.1,2.675,0.1,0.9,6.5,2.123,0.3,1.0,10.4,5.001,0.0,2.7,6.2,6.457,0.2,0.1,9.2,2.794,0.2,3.0,8.7,3.984,1.8,1.7,9.0,2.191,1.8,2.5,9.7,2.853,1.2,0.1,17.9,2.507,0.7,1.4,4.0,1.843,0.6,0.2,8.1,11,2022
2022-10-01,3.916,0.1,1.7,8.1,4.308,1.0,0.1,4.6,3.391,3.2,3.6,0.7,2.34,0.0,1.8,9.4,5.13,0.3,0.0,7.0,5.558,0.8,0.9,9.2,5.811,0.3,2.4,8.8,3.294,0.1,3.0,12.0,3.836,1.8,2.7,7.0,3.923,0.1,1.1,1.9,2.432,0.1,0.3,7.3,4.281,1.3,2.2,6.3,2.672,0.9,0.7,6.9,2.13,0.8,0.6,10.9,4.998,1.1,1.5,6.1,6.47,0.0,0.5,9.0,2.789,0.3,4.4,8.7,3.914,0.1,0.6,6.8,2.153,0.4,1.6,8.2,2.888,2.7,2.3,20.2,2.488,1.3,1.0,3.6,1.832,0.3,0.0,7.7,10,2022
2022-09-01,3.912,0.5,2.4,7.1,4.265,0.9,0.2,4.2,3.285,1.2,0.7,1.3,2.34,1.6,3.1,9.4,5.115,0.1,0.5,6.7,5.513,0.9,1.3,8.1,5.796,1.7,2.5,9.0,3.298,0.7,5.1,11.4,3.77,0.0,1.0,5.1,3.927,0.4,0.4,1.6,2.434,1.0,1.2,7.2,4.227,0.4,0.4,4.9,2.695,0.1,1.4,4.9,2.148,0.2,3.7,11.8,4.945,1.6,1.3,5.1,6.469,0.3,0.9,8.7,2.78,2.4,5.2,7.5,3.909,0.2,2.0,6.8,2.144,0.3,0.5,7.0,2.812,1.4,0.8,18.7,2.456,3.4,3.7,1.4,1.828,1.0,1.7,7.2,9,2022
2022-08-01,3.893,1.1,2.6,6.6,4.303,0.2,2.6,7.3,3.325,1.6,2.5,0.4,2.304,0.3,2.9,8.4,5.111,0.3,1.4,6.8,5.465,0.7,1.5,7.7,5.702,0.5,2.0,7.6,3.275,2.4,4.9,9.8,3.769,0.9,1.5,5.4,3.944,0.6,0.1,3.2,2.458,1.5,6.2,8.2,4.209,0.5,0.1,5.0,2.699,1.7,1.5,5.1,2.144,1.3,6.2,12.1,4.868,1.1,1.2,4.3,6.449,0.2,1.5,8.9,2.714,1.6,3.8,5.8,3.918,0.7,3.4,7.4,2.139,0.9,1.3,7.7,2.852,1.0,4.1,19.8,2.542,1.1,1.2,5.0,1.847,0.8,4.6,7.8,8,2022
2022-07-01,3.852,0.8,2.2,4.6,4.311,0.9,2.8,6.6,3.274,0.3,0.1,2.1,2.298,1.2,4.1,6.6,5.128,0.7,2.7,8.0,5.506,1.2,3.8,7.9,5.675,0.3,3.2,7.2,3.198,1.9,3.7,6.7,3.734,0.1,0.0,5.1,3.967,0.6,0.4,4.5,2.423,0.8,5.4,7.1,4.187,0.6,0.2,4.2,2.653,0.2,0.2,2.9,2.117,2.2,6.5,10.8,4.923,0.9,1.2,5.6,6.434,0.3,2.7,8.4,2.671,1.1,2.8,3.1,3.889,1.5,2.4,6.3,2.119,0.6,1.6,6.3,2.824,0.5,9.6,14.9,2.514,1.4,1.0,3.7,1.832,1.9,5.1,6.1,7,2022
2022-06-01,3.821,0.7,2.1,3.8,4.272,1.8,3.3,5.0,3.264,0.6,2.0,2.8,2.27,1.3,3.9,4.3,5.092,1.0,2.0,7.9,5.441,1.1,4.3,5.9,5.657,1.2,3.4,7.2,3.139,0.5,3.3,5.6,3.732,0.5,0.2,5.1,3.944,0.1,0.0,5.1,2.404,3.8,4.7,5.6,4.212,0.2,1.9,5.3,2.658,0.0,3.5,2.9,2.071,2.6,6.2,7.8,4.881,1.0,1.5,4.9,6.413,0.9,4.2,9.5,2.642,1.0,1.4,3.8,3.833,1.1,2.3,4.6,2.133,1.1,4.1,6.8,2.836,3.5,9.6,15.5,2.55,1.5,3.8,7.5,1.798,1.8,4.0,4.0,6,2022
2022-05-01,3.794,0.7,1.7,3.9,4.195,0.1,1.2,4.2,3.244,0.8,3.3,2.6,2.24,1.5,3.6,3.2,5.04,1.0,2.1,6.6,5.382,1.5,3.6,5.9,5.592,1.7,2.7,7.6,3.123,1.3,2.5,6.5,3.715,0.5,0.1,5.5,3.939,0.3,2.0,5.3,2.315,0.7,1.2,1.4,4.203,0.6,2.3,5.0,2.659,0.0,2.4,4.1,2.019,1.5,4.0,5.8,4.929,1.3,4.2,6.7,6.354,1.4,5.0,9.9,2.616,0.6,1.4,3.8,3.791,0.2,2.7,4.1,2.11,1.2,3.9,6.4,2.739,6.3,6.1,12.3,2.512,1.0,4.4,7.2,1.766,1.3,3.1,2.3,5,2022
2022-04-01,3.767,0.7,2.0,4.0,4.192,1.4,2.8,5.8,3.27,1.8,2.2,2.4,2.208,1.0,2.4,3.9,4.992,0.0,2.7,5.7,5.303,1.6,2.3,5.4,5.5,0.5,1.2,5.6,3.084,1.5,2.9,5.2,3.735,0.1,2.3,5.6,3.95,0.1,3.6,7.3,2.299,0.1,0.6,1.2,4.178,1.0,1.9,5.0,2.659,3.5,3.8,4.9,1.988,2.0,2.4,5.9,4.865,1.1,4.7,6.9,6.268,1.9,4.7,9.1,2.599,0.2,0.2,1.5,3.798,1.4,3.5,3.9,2.086,1.8,2.4,6.1,2.576,0.5,3.2,5.7,2.489,1.2,3.4,6.6,1.742,0.8,2.6,2.2,4,2022
2022-03-01,3.741,0.3,2.4,3.4,4.136,0.2,1.3,4.0,3.331,0.7,0.8,2.8,2.185,1.1,1.4,2.7,4.994,1.2,3.5,5.2,5.218,0.4,2.5,4.6,5.473,0.5,1.4,4.8,3.039,0.2,1.8,3.0,3.738,0.8,3.1,5.9,3.946,2.1,4.2,8.9,2.296,0.3,0.5,2.3,4.135,0.7,1.1,4.2,2.568,1.1,0.9,0.2,1.95,0.5,1.2,4.3,4.81,1.7,3.3,5.7,6.153,1.7,3.6,7.2,2.604,0.9,0.0,0.0,3.747,1.5,2.2,1.9,2.049,0.9,1.2,5.8,2.588,0.3,5.4,7.2,2.458,2.1,2.5,4.4,1.728,0.9,1.7,0.8,3,2022
2022-02-01,3.731,1.1,3.2,3.5,4.144,1.6,1.6,4.2,3.355,0.3,0.6,3.9,2.162,0.3,1.2,0.5,4.935,1.5,2.3,4.0,5.195,0.2,1.9,4.1,5.446,0.2,1.5,4.3,3.046,1.7,2.8,3.1,3.71,1.6,3.2,6.5,3.863,1.3,1.6,6.0,2.289,1.0,0.8,2.2,4.107,0.1,1.4,3.5,2.597,1.4,3.3,1.6,1.941,0.0,1.0,3.5,4.731,1.9,0.5,4.1,6.052,1.1,2.3,6.4,2.581,0.5,0.4,0.2,3.69,0.6,0.9,0.3,2.031,0.3,1.7,5.1,2.581,3.4,6.6,8.7,2.407,0.0,0.1,1.7,1.713,0.9,0.5,1.4,2,2022
2022-01-01,3.692,1.1,2.0,2.9,4.077,0.1,1.0,2.5,3.343,0.4,0.7,5.4,2.156,0.0,0.7,0.2,4.86,0.7,1.3,3.0,5.186,1.8,1.9,4.8,5.432,0.6,1.7,4.2,2.996,0.4,1.9,2.3,3.649,0.6,1.7,5.1,3.814,0.7,0.9,4.7,2.312,1.2,2.0,3.3,4.102,0.3,1.9,5.3,2.561,0.6,2.4,0.5,1.941,0.7,1.0,4.2,4.644,0.3,1.4,3.3,5.99,0.8,0.9,6.3,2.594,0.4,1.1,2.2,3.67,0.1,0.1,0.1,2.037,0.6,2.4,4.6,2.496,1.6,3.9,6.1,2.407,0.4,0.2,1.0,1.698,0.1,0.2,0.5,1,2022
2021-12-01,3.652,1.0,0.0,1.5,4.083,0.1,0.2,3.4,3.356,0.6,0.9,6.2,2.155,0.8,0.7,0.4,4.826,0.1,0.7,2.1,5.093,0.1,0.2,2.0,5.397,0.6,1.5,2.9,2.985,0.8,0.8,2.0,3.626,0.9,1.1,3.7,3.788,0.4,2.0,2.9,2.285,0.7,0.7,2.0,4.088,0.9,1.4,5.2,2.545,1.3,1.0,0.0,1.928,0.3,0.3,2.7,4.657,1.1,1.0,3.6,5.941,0.4,0.2,5.4,2.605,1.3,0.7,0.3,3.666,0.3,0.1,0.2,2.025,1.4,1.0,3.5,2.456,1.5,3.7,5.9,2.398,0.5,1.0,0.5,1.699,0.3,0.3,1.1,12,2021
2021-11-01,3.614,0.2,1.1,0.5,4.081,0.9,1.8,3.4,3.375,0.3,1.9,6.3,2.138,0.1,0.6,1.4,4.822,0.5,0.7,1.1,5.097,0.1,0.5,1.5,5.368,0.5,1.3,1.9,2.962,0.7,0.7,1.0,3.594,0.2,0.5,2.2,3.803,1.2,0.5,3.8,2.27,0.1,0.1,0.8,4.051,0.6,1.1,3.7,2.513,0.5,2.1,0.6,1.923,0.1,0.6,2.3,4.709,0.0,0.9,4.9,5.915,0.3,0.2,4.3,2.572,0.2,0.3,1.0,3.657,0.2,0.3,0.6,1.997,0.4,0.5,2.0,2.421,0.7,1.7,3.7,2.41,0.3,0.5,0.9,1.705,0.2,0.5,2.3,11,2021
2021-10-01,3.622,0.8,1.7,0.9,4.119,0.7,1.8,4.0,3.366,1.2,5.0,7.0,2.14,0.0,0.8,1.6,4.796,0.1,1.0,0.4,5.09,0.2,0.2,1.4,5.341,0.4,0.9,0.6,2.941,0.7,1.9,0.3,3.587,0.0,1.0,2.1,3.849,0.4,1.4,5.8,2.267,0.2,0.1,1.1,4.027,0.1,0.2,3.0,2.5,2.7,3.1,0.0,1.921,0.0,0.5,1.7,4.711,0.1,1.1,5.4,5.936,0.3,0.0,3.7,2.566,0.8,1.0,0.3,3.664,0.1,0.1,0.1,1.989,0.7,0.2,0.9,2.404,1.4,2.2,3.1,2.402,0.8,1.0,1.6,1.701,0.2,1.5,2.8,10,2021
2021-09-01,3.651,0.1,0.8,1.2,4.092,2.1,0.5,2.9,3.327,0.4,4.8,5.4,2.14,0.7,1.6,1.7,4.793,0.2,1.5,1.1,5.102,0.6,0.7,1.4,5.319,0.4,0.8,0.8,2.962,0.7,0.4,0.4,3.588,0.3,1.0,2.1,3.864,1.1,3.0,5.8,2.27,0.1,0.2,0.4,4.031,0.6,0.7,2.5,2.57,0.1,0.5,3.8,1.922,0.5,0.1,1.7,4.705,0.8,1.1,4.5,5.952,0.5,1.7,4.6,2.586,0.8,1.6,0.4,3.661,0.4,0.1,0.6,2.004,0.9,0.4,1.1,2.369,0.4,3.5,1.2,2.422,0.0,2.1,2.0,1.705,0.5,1.3,2.5,9,2021
2021-08-01,3.654,0.8,0.1,1.0,4.009,0.9,0.4,0.7,3.313,3.3,4.7,4.3,2.125,1.4,2.1,3.1,4.786,0.8,1.2,1.8,5.072,0.6,0.2,0.1,5.297,0.0,1.9,0.6,2.983,0.5,1.7,0.3,3.577,0.7,1.5,1.1,3.823,0.7,2.2,3.9,2.272,0.4,0.5,0.2,4.008,0.3,0.2,2.7,2.568,0.4,0.5,4.0,1.912,0.0,0.2,0.9,4.669,0.2,1.1,4.3,5.924,0.2,2.5,4.0,2.565,1.0,1.8,0.4,3.647,0.4,0.2,1.1,1.986,0.4,0.1,1.6,2.38,3.1,2.4,2.3,2.421,0.2,3.3,0.3,1.714,0.8,0.7,1.7,8,2021
2021-07-01,3.683,0.1,1.7,1.1,4.045,0.6,2.1,1.6,3.207,1.0,0.4,1.5,2.156,0.9,1.5,0.9,4.748,0.6,0.6,2.9,5.102,0.7,1.4,0.0,5.295,0.4,1.7,0.4,2.998,0.8,2.3,1.0,3.553,0.0,0.4,0.3,3.797,1.2,3.1,1.7,2.263,0.5,0.4,2.1,4.019,0.4,1.0,2.7,2.579,0.2,1.8,3.2,1.911,0.5,1.8,0.1,4.66,0.2,2.4,4.1,5.937,1.4,3.4,3.0,2.591,1.8,1.2,1.6,3.66,0.2,0.1,1.3,1.994,0.2,1.4,0.2,2.457,0.1,0.8,5.8,2.425,2.2,3.9,1.2,1.727,0.0,1.3,1.3,7,2021
2021-06-01,3.681,0.8,1.7,0.1,4.07,1.1,2.3,1.4,3.173,0.3,2.0,0.1,2.176,0.2,2.3,0.9,4.721,0.2,0.5,4.7,5.137,1.0,3.0,1.0,5.276,1.5,1.0,1.8,2.974,1.4,0.8,1.0,3.552,0.8,0.6,0.7,3.752,0.4,3.6,0.7,2.276,0.4,1.4,2.8,4.001,0.0,0.9,2.5,2.583,1.1,0.8,1.2,1.921,0.6,2.7,0.2,4.652,0.7,2.2,3.1,5.855,1.3,2.0,0.7,2.546,1.0,2.2,0.3,3.665,0.7,0.4,1.9,1.997,0.7,3.1,3.8,2.455,0.7,1.7,5.7,2.373,1.2,0.8,4.1,1.728,0.1,0.8,1.6,6,2021
2021-05-01,3.652,0.9,1.3,1.6,4.025,1.6,1.2,0.4,3.163,1.0,2.0,0.5,2.171,2.2,0.9,0.2,4.73,0.2,0.4,5.3,5.083,1.0,1.8,2.3,5.197,0.2,0.5,3.3,2.934,0.1,0.7,3.9,3.522,0.4,1.1,2.4,3.739,1.6,2.6,0.7,2.284,0.5,2.0,2.9,4.002,0.5,0.8,2.3,2.554,0.8,0.1,0.4,1.909,1.7,1.8,1.8,4.619,1.5,1.6,0.7,5.781,0.6,1.7,0.6,2.52,1.6,2.6,1.7,3.64,0.4,1.1,1.8,1.984,0.9,2.7,4.4,2.439,0.1,2.7,3.4,2.344,0.4,1.0,4.0,1.726,1.3,0.7,2.3,5,2021
2021-04-01,3.621,0.1,0.9,1.3,3.962,0.4,0.4,1.2,3.194,1.4,0.7,0.3,2.124,0.2,1.3,2.8,4.721,0.5,0.1,5.5,5.033,0.9,1.7,2.4,5.206,0.3,0.2,2.4,2.931,0.7,0.1,2.4,3.538,0.2,1.9,2.0,3.681,1.6,1.1,2.0,2.272,1.3,1.5,3.9,3.981,0.4,2.2,1.4,2.534,1.1,0.6,0.3,1.877,0.4,0.7,2.9,4.551,0.0,1.2,0.2,5.744,0.0,1.9,0.7,2.56,1.7,0.9,0.6,3.656,0.6,0.5,1.3,1.966,1.5,0.9,4.9,2.437,1.0,3.6,3.9,2.334,0.9,2.1,2.5,1.705,2.2,0.1,2.6,4,2021
2021-03-01,3.618,0.3,0.6,0.9,3.978,0.0,0.7,1.1,3.239,0.3,2.5,1.9,2.127,1.1,1.7,3.8,4.747,0.0,0.5,4.9,4.988,0.1,0.1,3.1,5.222,0.0,0.5,1.8,2.951,0.2,0.9,1.8,3.531,1.3,0.9,1.1,3.623,0.6,1.6,3.3,2.244,0.2,0.1,4.2,3.967,0.1,2.0,0.6,2.564,0.3,0.7,3.0,1.869,0.3,0.4,3.6,4.55,0.1,1.2,0.1,5.743,1.0,1.9,0.6,2.604,0.7,0.3,3.1,3.678,0.0,0.5,0.4,1.936,0.3,1.0,6.1,2.414,1.6,4.1,2.8,2.355,0.5,1.4,1.3,1.742,0.2,1.4,0.9,3,2021
2021-02-01,3.607,0.5,0.3,0.9,3.977,0.1,0.7,0.3,3.229,1.8,1.6,1.1,2.152,0.0,0.8,2.6,4.747,0.6,0.5,5.0,4.991,0.9,0.6,2.6,5.222,0.1,0.9,1.2,2.956,1.0,0.7,1.7,3.484,0.4,0.9,1.4,3.646,0.1,0.5,2.7,2.239,0.1,0.6,3.9,3.969,1.9,1.6,0.5,2.556,0.3,1.1,2.2,1.875,0.6,0.2,3.5,4.544,1.1,1.2,0.7,5.687,0.9,0.3,1.1,2.586,1.9,0.4,3.2,3.679,0.2,0.0,0.2,1.931,0.9,1.4,6.4,2.375,1.0,1.7,0.4,2.367,0.7,0.9,1.2,1.738,1.8,0.4,1.6,2,2021
2021-01-01,3.589,0.2,0.0,1.0,3.979,0.8,0.5,0.5,3.173,0.4,0.9,0.3,2.152,0.6,1.0,2.2,4.717,0.2,2.1,6.2,4.947,1.0,1.4,2.5,5.215,0.6,1.8,0.5,2.928,0.1,0.7,2.6,3.471,0.8,1.2,1.9,3.641,1.1,0.1,1.4,2.238,0.1,0.2,3.1,3.896,0.2,0.3,0.9,2.549,0.1,2.0,2.0,1.863,0.8,1.4,4.5,4.497,0.0,0.6,2.2,5.637,0.0,1.5,2.4,2.537,2.3,0.9,0.9,3.672,0.3,0.3,1.1,1.948,0.4,1.2,5.0,2.352,1.4,0.9,1.0,2.384,0.2,0.9,2.5,1.707,0.6,2.4,3.9,1,2021
2020-12-01,3.597,0.0,0.3,1.2,3.949,0.0,0.7,2.2,3.159,0.5,0.1,2.7,2.164,0.2,0.6,2.0,4.725,0.9,2.5,6.0,4.995,0.5,0.7,0.8,5.247,0.4,2.1,0.0,2.926,0.3,1.7,2.7,3.498,0.5,0.4,1.8,3.683,0.5,0.8,1.5,2.241,0.6,1.0,3.3,3.888,0.4,1.1,1.6,2.545,0.7,2.8,1.2,1.877,0.1,0.6,4.8,4.495,0.1,0.2,0.9,5.634,0.7,1.0,2.1,2.596,0.0,0.8,3.3,3.66,0.5,0.7,0.4,1.956,0.1,1.3,4.4,2.32,0.6,1.0,0.9,2.388,0.0,0.5,2.2,1.718,1.5,1.8,2.7,12,2020
2020-11-01,3.595,0.2,0.7,1.7,3.948,0.3,0.8,3.1,3.177,1.0,0.0,0.5,2.168,0.3,1.2,1.9,4.769,1.0,2.1,4.9,5.023,0.1,0.9,0.7,5.27,0.7,1.1,0.2,2.934,0.5,1.3,2.7,3.516,0.1,0.7,1.0,3.664,0.7,0.4,0.9,2.253,0.5,0.6,2.4,3.905,0.1,0.1,1.1,2.528,1.2,2.3,1.1,1.879,0.6,0.8,4.8,4.49,0.5,0.3,2.0,5.671,0.9,0.4,1.5,2.597,1.5,1.7,1.8,3.678,0.4,0.2,0.2,1.958,0.7,0.1,4.2,2.334,0.1,0.3,2.6,2.388,1.1,1.6,2.3,1.745,0.3,0.1,0.5,11,2020
2020-10-01,3.59,0.5,1.5,2.4,3.961,0.4,0.5,2.8,3.146,0.4,0.4,0.7,2.175,0.1,0.1,1.4,4.816,0.6,1.5,3.9,5.019,0.2,1.6,0.5,5.309,0.9,0.2,0.6,2.949,0.9,0.7,2.6,3.512,0.0,1.5,0.3,3.637,0.4,2.5,0.9,2.242,0.9,3.1,3.0,3.909,0.6,0.1,0.5,2.499,1.0,0.0,2.9,1.89,0.0,1.0,4.0,4.469,0.8,0.1,2.5,5.722,0.6,0.7,0.9,2.559,0.6,0.3,0.0,3.662,0.6,1.3,1.1,1.972,0.5,1.3,3.6,2.331,0.5,0.3,2.5,2.363,0.5,3.7,3.1,1.75,0.1,0.0,0.0,10,2020
2020-09-01,3.608,0.3,1.9,1.7,3.977,0.1,1.0,2.1,3.158,0.6,0.4,2.4,2.178,0.8,1.0,1.2,4.847,0.6,2.2,2.9,5.03,0.7,3.1,0.5,5.359,0.6,0.3,1.8,2.975,0.0,1.0,2.6,3.514,0.7,1.8,0.5,3.652,0.7,2.0,0.0,2.262,0.2,3.3,1.1,3.931,0.8,0.7,0.9,2.475,0.2,3.1,5.4,1.89,0.2,1.8,3.1,4.504,0.6,0.2,0.7,5.69,0.1,2.2,1.2,2.575,0.8,1.4,0.9,3.684,0.1,1.4,0.1,1.982,1.4,4.5,2.9,2.342,0.7,0.8,4.6,2.375,2.2,4.1,2.6,1.749,0.3,0.4,0.0,9,2020
2020-08-01,3.619,0.7,2.5,1.9,3.979,0.0,0.8,2.1,3.176,0.6,1.0,2.0,2.194,0.8,1.2,1.0,4.874,0.3,2.4,2.3,5.068,0.7,2.6,1.8,5.329,0.2,0.8,1.1,2.974,0.2,2.6,3.8,3.539,0.7,1.9,1.7,3.678,1.4,1.0,0.8,2.267,2.0,3.6,1.7,3.901,0.3,0.3,0.5,2.471,1.2,3.6,4.6,1.894,0.8,2.6,1.6,4.475,0.0,2.4,2.1,5.694,1.2,2.1,1.3,2.554,0.1,0.3,0.5,3.687,0.6,0.5,0.1,1.955,2.1,5.8,5.0,2.326,0.1,1.4,4.1,2.427,1.1,0.5,0.3,1.744,0.4,1.3,0.5,8,2020
2020-07-01,3.645,0.9,0.7,1.7,3.981,0.9,0.8,2.9,3.158,0.4,0.9,1.3,2.176,0.9,0.4,1.1,4.89,1.3,2.1,2.0,5.103,1.7,1.1,2.4,5.319,1.0,0.3,1.0,2.969,1.2,1.1,3.9,3.564,0.4,1.3,2.9,3.732,0.1,0.7,1.1,2.312,1.2,2.2,1.3,3.913,0.3,0.3,0.5,2.5,2.1,1.7,4.2,1.909,0.8,1.2,0.6,4.475,0.8,1.8,2.6,5.763,0.9,0.4,0.3,2.551,0.5,0.2,0.1,3.709,0.7,0.2,0.7,1.997,3.8,3.4,2.3,2.323,0.0,1.0,3.6,2.455,0.8,2.6,1.7,1.751,0.3,0.0,0.4,7,2020
2020-06-01,3.679,0.9,0.8,0.8,4.015,0.1,0.1,1.9,3.169,0.7,0.2,1.6,2.156,0.5,2.5,0.7,4.955,0.8,0.8,0.8,5.19,0.3,0.8,4.8,5.374,0.0,1.1,2.2,3.005,1.6,0.0,2.2,3.578,0.8,0.2,4.2,3.728,0.3,0.5,0.4,2.34,0.5,0.1,2.0,3.903,0.2,1.0,0.0,2.554,0.4,2.6,1.5,1.925,1.0,0.7,0.7,4.511,1.6,1.0,2.4,5.816,0.0,0.6,0.0,2.539,0.9,0.6,0.9,3.736,0.8,1.2,0.8,2.076,0.0,0.6,0.3,2.323,1.5,1.0,2.8,2.475,1.4,3.7,1.6,1.756,0.6,0.1,1.0,6,2020
2020-05-01,3.71,1.1,2.0,0.3,4.01,0.0,0.5,2.0,3.146,1.3,1.5,0.7,2.167,0.8,1.9,0.5,4.993,0.0,0.1,0.1,5.205,0.9,1.6,3.8,5.374,0.7,1.7,2.0,3.054,1.7,1.6,0.2,3.608,0.0,2.1,4.7,3.715,1.1,0.8,1.2,2.352,0.5,0.9,2.7,3.912,0.4,1.0,0.7,2.564,0.8,2.5,2.1,1.944,0.6,0.0,1.6,4.586,0.6,0.2,0.9,5.816,0.5,1.1,0.2,2.563,0.7,2.3,0.2,3.706,0.1,0.6,0.2,2.076,0.4,0.6,1.6,2.358,0.5,0.3,3.8,2.441,2.0,1.9,0.7,1.767,0.9,0.1,0.4,5,2020
2020-04-01,3.669,0.5,1.2,1.4,4.011,0.2,0.3,1.9,3.186,0.3,0.1,0.4,2.184,1.2,0.7,0.4,4.994,0.0,0.7,0.1,5.158,0.2,1.7,2.3,5.335,0.4,1.8,1.2,3.002,0.1,0.1,1.7,3.61,1.1,2.0,5.5,3.757,0.3,1.7,2.0,2.363,0.9,2.3,2.4,3.926,0.4,0.1,0.3,2.542,2.1,1.7,2.2,1.932,0.3,0.9,2.0,4.559,0.0,0.9,1.9,5.787,0.1,0.2,0.2,2.544,0.8,1.2,1.3,3.702,0.3,2.0,0.5,2.067,0.2,0.8,2.1,2.347,0.0,1.3,4.2,2.393,0.3,2.1,0.9,1.751,0.4,1.5,0.1,4,2020
2020-03-01,3.65,0.3,0.3,1.9,4.021,0.8,0.4,0.7,3.177,0.5,2.2,0.5,2.211,0.1,0.1,2.4,4.993,0.1,0.7,0.1,5.148,0.4,2.2,0.9,5.316,0.6,1.3,1.3,3.005,0.0,0.1,1.1,3.569,1.0,0.2,5.2,3.745,0.0,3.2,0.7,2.342,0.5,1.1,2.3,3.943,0.2,0.2,0.4,2.49,0.4,1.0,0.2,1.939,0.2,1.6,2.9,4.557,0.4,0.4,2.4,5.779,0.5,0.4,0.6,2.524,0.8,0.5,1.5,3.692,0.2,0.5,0.8,2.063,0.0,0.8,0.8,2.347,0.8,0.2,3.5,2.386,0.4,2.2,0.8,1.758,0.4,0.4,2.0,3,2020
2020-02-01,3.638,0.4,0.6,1.7,3.99,0.3,2.0,0.8,3.193,0.3,0.0,1.8,2.209,0.4,0.0,2.6,4.996,0.6,0.3,0.1,5.125,1.0,2.8,0.4,5.286,0.8,0.5,0.5,3.006,0.0,0.3,0.7,3.533,0.1,0.6,4.6,3.746,1.4,3.1,0.7,2.331,0.9,1.0,1.1,3.95,0.5,0.0,1.5,2.5,0.0,2.2,0.0,1.944,0.4,1.6,3.3,4.577,0.5,0.1,1.7,5.75,0.4,0.1,0.0,2.505,0.4,1.8,0.7,3.685,1.5,0.0,0.1,2.063,0.6,0.9,1.1,2.366,0.5,3.9,5.0,2.395,2.0,2.1,0.4,1.766,0.6,1.7,3.2,2,2020
2020-01-01,3.624,0.4,1.4,1.2,4.001,0.9,1.8,0.0,3.183,2.0,1.9,2.1,2.2,0.4,0.2,2.3,5.028,0.0,0.3,1.4,5.073,0.7,1.6,0.7,5.242,0.1,0.7,0.7,3.006,0.1,0.7,0.5,3.537,0.7,0.4,5.1,3.694,1.8,0.7,0.9,2.31,0.3,0.0,0.3,3.93,0.5,0.1,2.3,2.5,0.6,2.9,0.7,1.951,1.1,0.9,3.9,4.599,1.3,0.3,0.0,5.775,0.3,0.0,1.4,2.515,0.1,1.7,0.2,3.631,1.2,1.9,0.2,2.05,0.2,0.2,3.1,2.377,1.5,4.6,6.8,2.444,0.2,0.2,2.6,1.777,0.7,1.5,4.3,1,2020
2019-12-01,3.639,0.5,0.8,0.1,4.036,0.9,0.7,0.2,3.248,1.7,5.3,3.1,2.209,0.0,0.2,3.9,5.027,0.3,0.7,1.5,5.035,1.0,0.6,1.8,5.248,0.3,0.3,1.1,3.008,0.3,1.5,0.7,3.561,0.2,1.9,5.7,3.629,0.1,0.7,0.8,2.317,0.4,1.3,2.3,3.95,0.0,1.4,3.9,2.515,1.6,3.9,1.7,1.971,0.2,1.1,6.7,4.538,1.0,0.1,0.1,5.757,0.0,0.0,1.3,2.513,1.5,1.5,0.3,3.674,0.3,0.2,1.7,2.046,0.0,0.2,3.8,2.342,2.9,4.6,9.8,2.44,0.2,0.1,3.9,1.765,1.7,1.0,6.2,12,2019
2019-11-01,3.659,0.5,0.8,0.5,4.073,0.1,0.2,1.9,3.194,2.3,2.5,1.8,2.21,0.2,1.8,3.6,5.013,0.0,0.5,1.6,4.986,0.2,0.2,2.5,5.261,0.3,0.2,0.6,3.016,0.4,2.4,2.6,3.553,0.9,2.2,5.8,3.633,1.0,0.4,0.9,2.308,0.1,0.1,1.5,3.95,0.6,0.7,4.2,2.557,0.6,1.3,3.7,1.975,0.3,2.6,7.8,4.583,0.0,0.3,1.7,5.756,0.3,0.2,0.9,2.551,0.3,0.4,1.1,3.686,0.4,0.0,1.0,2.045,0.1,0.7,3.9,2.276,0.1,1.8,5.1,2.445,0.2,1.1,4.3,1.736,0.8,0.1,4.6,11,2019
2019-10-01,3.677,0.2,0.8,1.5,4.075,0.3,0.6,2.0,3.123,1.2,0.1,1.2,2.206,0.1,2.4,3.4,5.012,0.4,0.5,2.3,4.995,0.3,0.3,1.2,5.279,0.3,0.2,0.2,3.027,0.9,2.0,3.3,3.522,0.7,1.7,5.3,3.669,0.4,0.6,0.6,2.31,1.0,1.2,0.6,3.927,0.8,0.2,3.4,2.574,1.7,1.3,5.4,1.968,1.0,2.5,8.3,4.584,1.1,0.2,2.5,5.776,0.3,0.1,2.1,2.559,0.3,0.4,0.0,3.703,0.6,0.6,2.1,2.046,0.2,0.2,3.9,2.273,1.5,1.4,6.6,2.439,0.1,1.0,4.1,1.75,0.1,0.4,5.7,10,2019
2019-09-01,3.669,0.5,1.1,1.8,4.063,0.0,0.7,2.7,3.085,1.0,1.2,0.2,2.204,1.5,1.5,4.7,4.992,0.0,0.0,1.3,5.008,0.6,1.1,0.2,5.265,0.1,0.1,0.3,3.055,1.1,0.6,4.7,3.496,0.5,1.8,5.4,3.653,0.1,1.6,0.5,2.288,0.7,0.3,0.9,3.897,0.6,0.2,2.6,2.617,1.0,1.0,8.3,1.949,1.2,1.9,8.3,4.534,0.8,1.9,1.7,5.76,0.2,1.0,3.1,2.551,0.4,0.5,1.4,3.682,0.1,0.7,3.1,2.041,0.9,1.3,3.6,2.239,0.2,1.0,6.8,2.437,0.7,0.1,2.9,1.748,0.7,0.5,3.8,9,2019
2019-08-01,3.688,0.5,0.9,3.0,4.063,0.9,0.7,2.4,3.114,0.1,1.7,4.5,2.171,0.8,0.3,3.9,4.99,0.0,0.0,0.5,4.977,0.1,0.8,0.6,5.27,0.0,0.0,0.8,3.09,0.0,1.0,4.8,3.478,0.4,0.9,5.2,3.649,1.2,0.6,0.3,2.305,1.0,0.7,4.2,3.921,0.3,0.4,3.6,2.59,0.7,3.2,7.3,1.925,0.3,0.7,6.9,4.571,0.5,1.3,2.3,5.77,0.2,0.6,2.7,2.541,0.3,0.7,0.2,3.685,0.1,0.3,4.3,2.059,0.8,0.8,7.6,2.235,0.3,1.6,6.7,2.419,0.2,0.2,3.3,1.735,0.5,1.4,3.8,8,2019
2019-07-01,3.707,0.1,0.4,4.8,4.098,0.2,0.2,2.8,3.119,0.1,1.7,6.3,2.153,0.9,1.0,3.5,4.99,0.1,0.0,0.6,4.981,0.6,1.2,1.4,5.269,0.2,0.1,1.8,3.089,0.5,1.1,5.6,3.464,0.9,1.2,5.5,3.693,0.5,0.2,3.1,2.283,0.5,1.1,3.9,3.934,0.8,0.5,4.8,2.608,0.6,4.8,10.6,1.919,0.4,1.3,7.5,4.594,0.6,1.2,1.6,5.781,0.6,0.3,3.8,2.549,0.5,1.1,1.1,3.681,0.7,1.0,6.5,2.043,1.2,0.9,7.8,2.242,0.8,0.5,7.7,2.415,0.9,0.0,2.9,1.744,0.3,0.3,4.8,7,2019
2019-06-01,3.709,0.3,0.3,6.9,4.091,0.0,1.1,5.3,3.121,1.5,1.3,7.5,2.172,0.3,0.6,5.4,4.993,0.1,0.0,2.0,4.951,1.3,3.0,1.8,5.257,0.2,0.2,2.4,3.073,0.4,1.1,7.2,3.433,0.4,1.1,5.5,3.713,1.1,0.2,7.8,2.295,0.2,0.2,5.3,3.903,0.9,0.6,4.4,2.592,3.3,4.3,9.5,1.912,0.0,1.4,9.8,4.621,0.2,1.0,1.6,5.817,0.2,1.3,6.6,2.563,0.2,0.0,2.0,3.707,0.2,0.4,7.6,2.069,1.3,1.1,10.3,2.26,0.5,0.3,9.6,2.436,0.5,1.2,6.4,1.739,1.2,0.8,5.9,6,2019
2019-05-01,3.72,0.0,0.5,9.4,4.092,0.0,1.7,8.9,3.169,0.1,1.0,9.7,2.179,0.2,1.2,7.8,4.988,0.0,0.0,2.8,5.016,0.5,2.5,3.4,5.268,0.1,0.1,4.3,3.06,0.2,1.1,8.8,3.446,0.7,2.1,6.5,3.672,0.3,1.3,6.3,2.289,0.8,0.7,6.8,3.939,0.7,1.2,5.5,2.51,0.9,0.4,6.0,1.913,1.0,1.6,11.1,4.629,0.4,0.6,2.1,5.805,0.1,1.0,7.8,2.558,0.8,1.4,0.9,3.698,0.6,0.4,8.5,2.042,0.8,0.1,11.5,2.272,0.9,0.9,12.4,2.425,0.4,0.9,6.2,1.76,0.6,2.9,8.5,5,2019
2019-04-01,3.721,0.0,1.4,11.8,4.09,1.0,2.2,10.4,3.173,0.3,1.8,11.7,2.175,0.7,1.2,10.8,4.989,0.0,0.6,4.3,5.041,1.2,1.3,5.1,5.273,0.5,0.1,5.7,3.055,0.6,1.1,10.1,3.423,0.8,1.7,6.4,3.684,1.0,1.2,8.7,2.309,0.8,0.2,10.1,3.913,0.3,1.8,5.3,2.489,0.2,0.2,8.7,1.894,0.5,0.9,12.9,4.649,0.4,1.1,6.0,5.8,1.0,1.8,8.4,2.578,0.6,2.2,2.2,3.72,0.1,2.3,11.3,2.025,1.0,1.8,12.4,2.252,0.6,1.2,15.3,2.414,0.3,1.4,7.7,1.749,1.4,2.7,7.5,4,2019
2019-03-01,3.719,0.5,2.0,14.5,4.049,0.6,0.5,10.6,3.163,0.8,0.4,11.8,2.159,0.3,1.5,12.1,4.99,0.0,0.7,6.1,5.102,0.8,0.4,7.4,5.248,0.3,1.1,6.7,3.038,0.4,1.7,10.5,3.395,0.5,0.8,6.9,3.72,0.0,1.7,12.1,2.29,0.7,1.1,11.2,3.927,0.9,3.3,5.3,2.484,0.6,0.5,11.6,1.885,0.1,2.0,15.5,4.669,0.2,2.8,10.3,5.742,0.1,1.0,8.2,2.563,1.6,2.3,3.5,3.723,1.1,3.1,13.2,2.046,0.3,3.8,16.3,2.267,0.7,6.3,18.6,2.407,0.1,2.5,9.2,1.724,0.7,3.7,15.0,3,2019
2019-02-01,3.701,0.9,1.6,16.7,4.024,0.6,0.6,11.1,3.138,0.6,0.0,10.2,2.153,0.2,1.0,13.3,4.99,0.6,1.1,7.7,5.146,0.7,0.7,9.0,5.262,0.3,0.6,8.1,3.027,0.1,2.9,12.9,3.376,0.3,0.5,7.1,3.721,0.2,1.5,13.0,2.305,0.1,1.4,13.4,3.893,1.3,2.7,4.2,2.5,0.7,1.3,10.4,1.882,0.3,2.8,18.5,4.657,1.3,3.3,11.8,5.749,0.9,0.8,9.8,2.523,0.1,0.0,1.2,3.682,1.2,0.8,14.7,2.04,2.6,3.7,17.7,2.252,1.2,4.0,18.0,2.404,0.9,2.5,9.9,1.711,0.5,3.1,14.8,2,2019
2019-01-01,3.668,0.6,1.2,18.8,4.0,0.7,0.1,13.6,3.118,1.0,1.0,11.8,2.15,1.1,0.8,14.7,4.959,0.1,1.2,9.5,5.109,0.3,1.1,10.2,5.279,0.5,0.2,9.0,3.022,1.2,3.1,15.8,3.365,0.1,0.6,7.9,3.729,1.9,1.0,15.0,2.303,1.7,0.3,15.4,3.843,1.1,1.2,6.4,2.483,0.4,1.7,8.4,1.876,1.5,3.3,22.2,4.597,1.2,2.8,12.6,5.697,0.2,0.8,10.3,2.521,0.6,1.5,1.7,3.637,0.7,0.3,16.1,1.989,0.9,1.0,16.9,2.225,4.4,4.3,19.3,2.382,1.4,1.7,12.7,1.703,2.5,2.9,17.3,1,2019
2018-12-01,3.644,0.1,1.1,20.5,4.029,0.8,1.8,17.6,3.151,0.5,1.9,13.2,2.126,0.3,1.0,14.7,4.953,0.4,0.5,10.4,5.125,0.3,2.2,12.2,5.304,0.2,1.1,11.3,2.988,1.6,2.4,15.4,3.369,0.3,1.6,8.8,3.659,0.2,0.4,15.2,2.264,0.4,0.2,14.1,3.802,0.3,0.1,7.0,2.473,0.2,2.3,10.7,1.848,0.9,2.7,22.7,4.544,0.8,1.9,12.8,5.684,0.3,1.7,11.5,2.506,0.6,3.2,2.2,3.612,1.1,1.1,16.7,1.971,0.2,0.1,16.9,2.132,1.5,1.7,16.7,2.348,0.1,0.9,12.2,1.662,0.1,1.4,17.2,12,2018
2018-11-01,3.642,0.5,1.7,21.7,3.999,0.1,0.8,18.9,3.136,1.6,5.2,11.8,2.133,0.0,2.0,14.4,4.934,0.7,0.7,11.5,5.111,1.1,3.3,12.5,5.294,0.1,1.3,12.7,2.941,0.4,0.2,13.6,3.358,0.4,1.6,10.2,3.666,0.7,0.2,16.5,2.273,1.0,2.7,16.8,3.792,0.1,0.2,8.4,2.467,1.0,2.2,14.5,1.831,0.8,1.6,21.0,4.508,0.8,0.9,14.7,5.704,0.9,1.5,14.7,2.522,1.4,0.6,2.3,3.651,0.7,3.4,17.8,1.967,0.1,2.8,17.0,2.165,1.5,3.4,18.9,2.345,0.1,0.2,12.0,1.66,0.3,0.7,14.4,11,2018
2018-10-01,3.624,0.5,2.5,21.7,3.996,1.0,0.3,20.2,3.086,0.2,5.2,9.3,2.133,1.3,2.6,14.4,4.901,0.6,1.1,12.4,5.055,0.8,2.9,11.5,5.288,0.8,2.1,14.6,2.93,0.4,0.2,13.3,3.343,0.8,1.8,10.6,3.693,0.5,3.1,17.8,2.297,1.3,4.6,19.7,3.797,0.0,1.1,9.5,2.442,1.1,3.5,16.1,1.817,0.9,1.8,19.4,4.474,0.4,1.1,15.6,5.654,1.2,1.5,15.1,2.559,1.1,1.5,5.6,3.627,1.5,4.9,16.6,1.969,0.0,3.9,15.8,2.132,1.7,2.4,16.7,2.342,1.1,0.1,11.3,1.656,1.7,0.5,12.8,10,2018
2018-09-01,3.605,0.7,3.9,22.5,3.957,0.3,1.8,19.4,3.092,3.7,6.5,15.8,2.106,0.7,2.2,16.7,4.929,0.8,0.7,14.8,5.017,1.4,3.1,11.9,5.247,0.4,2.2,16.2,2.918,1.0,1.8,13.7,3.317,0.3,2.0,10.1,3.673,0.4,6.6,18.8,2.268,2.5,4.0,19.9,3.796,0.3,1.5,10.4,2.416,0.1,2.1,17.5,1.8,0.1,3.4,21.2,4.457,0.2,2.0,17.1,5.589,0.5,2.4,14.5,2.588,2.0,3.0,8.2,3.572,1.1,3.7,18.8,1.969,2.9,5.0,18.2,2.097,0.1,1.7,19.7,2.368,1.1,3.5,14.2,1.685,0.8,2.6,15.3,9,2018
2018-08-01,3.58,1.3,5.3,23.0,3.969,0.4,5.7,20.3,2.982,1.6,3.3,13.7,2.09,0.5,3.4,18.3,4.967,0.2,2.3,16.6,4.946,0.7,1.9,11.1,5.226,0.9,3.5,16.5,2.947,0.8,4.8,15.9,3.307,0.7,2.2,9.4,3.658,2.2,5.9,19.2,2.213,0.7,3.2,19.9,3.784,0.8,1.4,11.1,2.414,2.4,1.9,16.3,1.802,1.0,4.7,22.4,4.467,1.2,1.5,19.0,5.62,0.9,4.3,15.4,2.537,0.6,0.1,7.7,3.532,2.2,3.6,18.4,1.914,1.0,4.5,16.8,2.095,0.6,3.6,22.1,2.342,0.2,2.5,14.6,1.672,0.5,3.1,13.1,8,2018
2018-07-01,3.536,1.9,6.3,22.4,3.985,2.5,7.6,21.6,2.935,1.1,3.3,11.4,2.08,0.9,6.0,16.2,4.957,1.3,3.6,18.4,4.911,1.0,2.4,11.4,5.177,0.9,3.8,15.5,2.924,2.0,5.4,15.2,3.284,1.0,2.1,9.6,3.58,3.9,5.6,17.9,2.197,0.8,4.8,18.4,3.755,0.4,1.0,10.5,2.358,0.4,3.0,10.2,1.785,2.5,6.4,22.2,4.522,0.6,3.1,22.5,5.57,2.0,4.1,15.5,2.522,0.3,0.1,7.5,3.457,0.3,3.5,16.4,1.895,1.0,5.2,17.1,2.082,1.0,6.6,23.8,2.345,2.5,4.7,15.7,1.663,1.3,2.3,12.9,7,2018
2018-06-01,3.469,2.0,6.8,21.7,3.887,3.5,6.1,21.1,2.903,0.5,2.6,9.9,2.061,2.0,7.0,16.2,4.893,0.8,4.0,20.0,4.864,0.2,2.3,10.7,5.132,1.6,4.3,16.6,2.866,1.9,4.2,14.3,3.253,0.6,2.5,9.3,3.446,0.2,3.8,14.4,2.18,1.7,5.9,18.7,3.74,0.2,0.3,11.5,2.367,0.0,6.3,10.0,1.741,1.1,6.7,21.2,4.549,0.3,7.5,24.5,5.459,1.3,2.8,15.8,2.513,0.8,1.5,12.1,3.446,1.1,4.8,17.8,1.876,2.4,6.6,19.0,2.062,2.0,7.9,24.7,2.288,0.2,3.8,13.9,1.642,1.2,9.5,13.2,6,2018
2018-05-01,3.4,2.2,7.2,20.1,3.756,1.4,3.7,18.4,2.887,1.7,1.4,9.2,2.021,2.9,6.3,15.8,4.853,1.4,4.7,21.4,4.853,1.2,2.8,11.1,5.052,1.2,3.8,17.5,2.811,1.3,4.8,13.3,3.235,0.6,2.6,10.5,3.454,1.9,4.9,15.9,2.143,2.2,5.4,17.8,3.732,0.4,0.1,10.7,2.368,3.4,4.6,14.8,1.722,2.6,8.4,21.2,4.534,3.4,8.8,27.4,5.388,0.7,2.9,16.7,2.535,0.5,1.6,14.7,3.408,2.0,6.2,17.1,1.832,1.7,5.7,16.4,2.021,3.5,5.9,21.4,2.284,1.9,4.4,15.6,1.622,0.3,8.8,12.3,5,2018
2018-04-01,3.327,2.4,7.8,18.2,3.705,1.2,5.2,19.5,2.84,0.4,1.8,7.3,1.963,1.9,4.8,14.8,4.785,1.7,5.6,22.0,4.797,0.9,3.4,10.5,4.99,1.4,3.0,18.0,2.775,0.9,6.4,12.9,3.217,1.3,3.2,10.1,3.391,2.2,4.6,14.2,2.096,1.8,5.1,17.4,3.716,0.3,2.9,11.0,2.29,2.8,0.1,14.1,1.678,2.8,9.2,22.1,4.386,3.6,7.4,25.2,5.348,0.7,3.6,17.3,2.523,1.9,1.7,15.4,3.341,1.6,6.6,16.8,1.802,2.4,5.9,18.4,1.953,2.2,4.8,16.0,2.241,1.7,6.0,15.4,1.626,8.5,12.0,10.9,4,2018
2018-03-01,3.247,2.4,7.4,14.8,3.662,1.1,6.8,20.8,2.828,0.7,1.6,6.6,1.926,1.3,3.9,13.1,4.703,1.5,4.8,21.9,4.753,0.7,4.0,10.4,4.919,1.1,3.2,18.1,2.75,2.6,6.2,12.7,3.174,0.7,2.5,8.8,3.318,0.8,4.5,11.6,2.059,1.3,3.8,14.7,3.729,0.2,4.9,13.1,2.226,1.6,0.3,13.0,1.633,2.8,8.4,19.1,4.233,1.6,5.0,21.6,5.309,1.4,4.2,16.4,2.476,0.7,1.0,13.9,3.287,2.4,6.2,15.9,1.76,1.5,4.3,16.9,1.911,0.1,4.6,14.7,2.204,0.8,5.3,12.6,1.499,0.5,5.8,2.6,3,2018
2018-02-01,3.173,2.8,6.0,11.6,3.622,2.9,7.7,20.8,2.849,2.1,1.5,6.7,1.901,1.5,2.0,12.9,4.633,2.3,4.7,22.1,4.72,1.8,3.8,10.4,4.866,0.5,3.6,18.1,2.681,2.8,3.6,9.8,3.154,1.2,3.4,9.3,3.293,1.6,4.6,11.8,2.033,1.9,4.4,13.3,3.735,3.4,6.8,14.5,2.264,1.2,5.1,12.8,1.589,3.4,5.0,14.2,4.167,2.0,6.0,20.8,5.236,1.4,5.3,14.1,2.494,0.6,1.2,15.9,3.209,2.4,3.6,13.7,1.734,1.9,3.1,14.4,1.908,2.4,4.8,15.8,2.187,3.5,4.5,10.6,1.491,2.7,2.7,2.0,2,2018
2018-01-01,3.086,2.1,3.6,8.7,3.521,2.7,5.9,19.6,2.79,0.3,1.2,4.6,1.874,1.1,0.5,11.0,4.53,1.0,3.9,20.3,4.638,1.5,2.3,9.2,4.844,1.6,5.0,19.5,2.609,0.8,0.9,9.1,3.117,0.7,3.1,8.1,3.241,2.0,3.4,11.5,1.995,0.6,4.0,12.0,3.612,1.7,4.2,11.1,2.292,2.6,8.9,13.8,1.536,1.9,1.0,12.6,4.083,1.3,5.5,18.7,5.163,1.3,5.1,13.6,2.481,1.2,2.3,15.5,3.133,1.2,0.8,11.4,1.701,0.9,0.0,11.3,1.864,2.1,2.0,12.9,2.114,1.0,0.5,7.1,1.452,2.4,1.1,0.5,1,2018
2017-12-01,3.023,1.0,2.7,6.4,3.427,1.9,3.4,16.6,2.783,0.8,4.2,6.1,1.853,0.6,2.7,8.8,4.486,1.4,4.5,18.4,4.57,0.5,1.9,8.5,4.766,1.4,5.6,18.7,2.589,0.0,0.9,7.1,3.097,1.6,2.8,7.4,3.177,0.9,2.7,9.1,1.984,1.9,4.9,11.8,3.553,1.6,3.3,11.0,2.234,3.7,8.7,8.8,1.507,0.4,1.4,11.3,4.03,2.5,5.9,17.3,5.098,2.5,4.4,13.0,2.452,0.5,2.5,15.6,3.096,0.1,2.9,11.5,1.686,0.3,1.2,10.7,1.826,0.3,4.3,11.0,2.093,0.0,1.0,5.9,1.417,2.3,3.0,4.6,12,2017
2017-11-01,2.993,0.5,2.8,6.3,3.363,1.2,1.9,15.1,2.805,0.7,7.0,8.1,1.864,0.0,5.5,10.8,4.426,1.5,3.9,16.3,4.545,0.3,2.1,7.9,4.699,1.9,4.7,17.7,2.589,0.1,1.8,5.4,3.049,0.8,0.8,6.0,3.148,0.4,2.5,8.1,1.947,1.5,5.4,9.6,3.498,0.9,2.7,9.9,2.155,2.4,3.8,4.6,1.513,0.5,2.8,11.6,3.931,1.6,4.7,16.6,4.974,1.2,2.1,12.8,2.465,1.7,4.6,17.0,3.099,0.3,3.8,12.1,1.682,1.1,2.7,12.0,1.821,0.4,6.2,9.5,2.093,0.5,2.4,7.9,1.451,1.1,1.9,1.8,11,2017
2017-10-01,2.978,1.2,3.1,6.0,3.324,0.3,1.5,14.6,2.825,5.8,7.2,8.8,1.864,3.3,4.1,11.9,4.361,1.6,4.1,16.4,4.533,1.1,2.8,7.5,4.612,2.2,2.9,16.5,2.586,0.8,1.9,5.5,3.024,0.4,0.9,6.7,3.136,1.4,3.3,7.5,1.918,1.4,3.4,6.7,3.467,0.9,2.1,8.7,2.104,2.3,1.7,5.1,1.521,2.4,4.2,10.5,3.87,1.7,4.8,14.5,4.915,0.6,1.9,11.8,2.424,1.3,3.3,13.0,3.109,3.4,4.7,13.3,1.701,2.1,5.1,11.6,1.828,4.4,8.6,9.9,2.104,1.5,3.8,9.1,1.468,0.4,0.3,5.9,10,2017
2017-09-01,2.943,1.1,3.3,5.2,3.313,0.4,3.3,13.9,2.67,1.8,1.1,2.9,1.805,2.2,1.7,9.9,4.294,0.8,5.3,15.1,4.483,0.7,2.1,6.2,4.515,0.7,2.6,14.9,2.566,0.9,2.3,6.2,3.013,0.4,1.3,6.9,3.092,0.7,2.6,6.1,1.892,2.4,2.9,7.3,3.438,1.0,2.5,7.7,2.056,1.0,4.5,3.4,1.485,0.9,3.4,9.1,3.806,1.4,4.2,12.2,4.883,0.2,3.6,11.4,2.392,1.5,6.7,11.4,3.007,0.8,2.8,9.8,1.666,1.7,5.7,10.9,1.751,2.1,5.9,5.2,2.073,1.4,3.2,7.6,1.461,1.2,0.7,4.4,9,2017
2017-08-01,2.91,0.7,2.8,4.4,3.3,0.7,4.0,13.4,2.622,0.5,0.8,1.8,1.766,1.3,1.2,9.4,4.261,1.7,6.6,15.1,4.453,1.0,1.9,6.4,4.486,0.1,4.3,14.1,2.544,0.2,2.5,6.1,3.024,0.9,3.3,8.0,3.07,1.1,3.0,5.5,1.846,0.5,1.5,5.8,3.405,0.2,1.0,7.9,2.076,3.0,0.7,4.3,1.472,0.8,3.7,9.2,3.755,1.7,5.5,11.2,4.872,1.0,5.5,12.3,2.356,0.4,6.6,10.1,2.984,0.5,2.5,9.1,1.638,1.2,4.1,9.0,1.715,1.9,3.0,3.1,2.044,0.8,3.4,7.9,1.479,0.4,2.4,5.7,8,2017
2017-07-01,2.89,1.4,2.7,3.9,3.276,2.1,5.7,13.1,2.635,0.2,0.4,1.9,1.79,0.9,4.7,11.8,4.188,2.7,6.8,14.1,4.408,0.4,1.6,6.6,4.482,1.8,6.0,13.9,2.538,1.2,3.3,5.4,2.998,0.8,2.6,7.3,3.037,0.8,2.3,4.3,1.856,1.0,3.9,6.4,3.397,1.3,1.5,7.8,2.14,0.6,6.7,8.8,1.46,1.6,6.2,8.4,3.692,1.1,5.4,9.3,4.822,2.3,5.8,11.6,2.347,4.7,7.3,10.0,2.97,1.5,3.8,9.7,1.619,2.7,6.3,7.2,1.682,1.7,0.1,1.5,2.027,0.9,4.4,5.8,1.473,1.5,0.4,5.8,7,2017
2017-06-01,2.85,0.7,0.7,2.8,3.208,1.1,5.8,12.6,2.642,0.1,0.4,2.0,1.774,1.6,4.2,8.9,4.078,2.0,5.7,12.0,4.392,0.5,2.1,6.6,4.401,2.4,5.7,11.5,2.507,1.0,2.8,4.0,2.975,1.7,1.9,5.7,3.012,1.1,1.3,3.5,1.838,1.0,2.4,6.6,3.354,0.6,1.8,6.4,2.152,4.4,9.3,8.0,1.436,1.2,4.8,6.0,3.653,2.6,4.9,8.3,4.713,2.1,3.3,9.2,2.242,1.4,3.1,5.2,2.925,0.5,3.1,8.5,1.576,0.2,4.7,3.4,1.654,0.7,0.7,0.5,2.009,1.7,2.6,4.6,1.451,0.4,0.7,5.5,6,2017
2017-05-01,2.83,0.6,0.4,2.7,3.173,2.3,5.8,13.3,2.644,0.1,1.0,2.0,1.746,2.1,3.7,8.3,3.997,1.9,5.3,10.2,4.369,0.7,2.1,5.2,4.299,1.7,4.4,9.4,2.482,1.0,1.7,2.4,2.926,0.1,1.5,3.4,2.98,0.4,1.2,2.7,1.82,1.9,1.4,5.2,3.373,0.7,3.4,6.8,2.062,2.8,2.8,3.6,1.42,3.3,2.0,6.0,3.559,1.6,3.2,6.4,4.616,1.3,0.6,7.7,2.211,1.1,2.8,4.1,2.911,1.7,3.1,8.9,1.574,3.4,3.8,4.0,1.666,1.1,1.1,0.3,1.976,1.7,0.1,4.1,1.445,1.5,1.1,4.5,5,2017
2017-04-01,2.814,0.5,0.9,2.5,3.101,2.3,5.4,11.4,2.647,0.2,0.7,3.5,1.71,0.5,1.3,5.2,3.922,1.7,4.1,7.3,4.34,0.8,2.2,5.5,4.229,1.6,4.3,9.2,2.458,0.7,2.7,1.2,2.922,0.1,1.3,3.6,2.968,0.1,2.1,1.7,1.786,0.4,0.3,4.9,3.348,1.6,3.0,6.4,2.007,1.9,0.4,3.5,1.375,0.2,0.8,2.5,3.502,0.6,1.8,5.1,4.559,0.0,0.3,6.0,2.187,0.6,1.9,4.7,2.861,0.9,1.7,8.3,1.522,1.1,0.4,1.6,1.684,1.1,1.9,0.9,1.942,0.8,1.6,3.0,1.466,0.4,0.5,7.3,4,2017
2017-03-01,2.829,0.5,0.4,2.9,3.031,1.1,3.1,10.8,2.653,0.7,1.1,4.0,1.703,1.1,0.0,4.7,3.858,1.7,1.9,7.1,4.304,0.6,2.2,5.0,4.164,1.1,3.7,8.8,2.44,0.1,0.9,1.0,2.919,1.2,1.2,4.0,2.972,0.9,2.0,3.4,1.794,0.0,1.1,7.6,3.296,1.0,3.0,5.1,1.97,1.8,4.1,2.7,1.371,1.5,1.3,1.1,3.482,0.9,1.3,4.4,4.561,0.6,1.1,6.1,2.174,1.0,2.5,4.1,2.836,0.5,2.2,8.1,1.505,0.7,1.2,0.9,1.665,1.1,1.2,1.7,1.958,1.0,0.9,4.6,1.461,0.0,1.7,9.6,3,2017
2017-02-01,2.842,0.1,0.9,3.9,2.999,1.9,2.6,9.6,2.671,0.1,2.9,4.5,1.684,0.3,0.1,4.3,3.795,0.8,0.3,6.7,4.277,0.7,1.5,5.1,4.119,1.6,3.2,8.8,2.441,2.0,0.7,1.3,2.884,0.0,0.2,3.4,2.946,1.3,1.1,3.4,1.794,0.7,1.0,6.6,3.262,0.4,2.5,5.2,2.007,0.4,2.5,4.8,1.392,2.0,2.6,1.8,3.449,0.2,2.3,3.5,4.589,0.9,4.1,6.2,2.151,0.2,2.1,3.2,2.823,0.4,2.2,7.7,1.516,0.8,0.9,2.1,1.648,0.2,0.9,1.9,1.978,0.2,1.9,7.9,1.461,0.2,2.5,7.9,2,2017
2017-01-01,2.839,0.1,1.1,3.8,2.943,0.1,1.5,7.7,2.667,1.6,2.7,3.8,1.688,0.8,1.3,3.8,3.767,0.6,0.6,5.7,4.246,0.8,0.6,4.6,4.053,1.0,2.4,6.3,2.393,1.0,2.3,0.2,2.884,0.0,1.7,4.5,2.907,0.2,0.4,3.2,1.782,0.4,0.9,5.0,3.25,1.5,1.9,5.1,2.014,1.9,0.6,2.4,1.364,0.8,1.0,0.5,3.441,0.1,1.8,3.6,4.547,0.8,3.5,5.3,2.147,1.2,0.1,3.6,2.813,1.3,2.5,6.6,1.528,0.3,0.3,3.3,1.652,0.4,0.7,1.6,1.974,0.1,2.4,6.9,1.459,1.9,5.3,7.8,1,2017
2016-12-01,2.84,0.9,1.5,3.9,2.94,0.6,1.1,6.5,2.623,1.1,1.1,2.6,1.703,1.2,3.7,3.5,3.788,0.5,1.5,6.6,4.213,0.0,0.2,4.8,4.015,0.6,2.2,5.5,2.418,1.6,0.1,0.6,2.884,0.2,2.3,4.1,2.913,0.0,0.0,3.9,1.774,0.1,0.6,6.0,3.201,0.6,0.3,3.8,2.054,0.3,3.3,6.4,1.353,0.2,0.6,1.4,3.437,1.9,1.3,3.5,4.509,2.3,2.9,4.0,2.121,0.7,1.2,4.0,2.776,0.5,1.4,5.9,1.523,1.4,1.4,1.8,1.645,1.0,1.1,0.5,1.976,1.8,2.5,4.6,1.486,4.3,6.2,9.6,12,2016
2016-11-01,2.816,0.3,1.1,2.8,2.922,0.8,0.4,6.3,2.595,0.0,0.7,0.9,1.683,1.0,4.2,2.3,3.805,1.6,2.8,7.8,4.214,0.1,0.7,5.1,3.991,0.8,1.5,5.6,2.457,0.3,2.5,1.7,2.877,1.5,2.8,4.1,2.913,0.2,0.1,4.3,1.777,1.2,1.8,6.3,3.183,0.2,0.8,3.1,2.059,2.8,3.4,5.6,1.356,1.6,0.6,1.1,3.371,0.3,0.2,1.4,4.409,0.3,1.7,1.9,2.107,1.7,1.6,1.7,2.763,0.7,1.0,5.1,1.502,1.4,0.0,1.6,1.663,0.0,0.0,1.1,1.94,0.6,2.5,3.6,1.426,2.9,1.9,2.8,11,2016
2016-10-01,2.809,0.4,1.0,2.5,2.899,0.3,0.1,4.5,2.596,0.0,0.4,2.0,1.666,1.5,4.0,1.0,3.745,0.4,2.0,7.0,4.219,0.1,2.0,6.0,3.96,0.8,0.6,5.0,2.45,1.4,1.7,1.4,2.835,0.6,1.4,3.0,2.918,0.2,0.3,5.5,1.798,2.0,3.1,8.6,3.19,0.1,1.3,3.5,2.003,0.8,1.8,2.7,1.377,1.2,2.3,1.2,3.379,0.4,0.1,2.2,4.394,0.3,1.7,2.2,2.144,0.1,0.5,0.7,2.745,0.3,1.4,4.9,1.524,1.4,0.9,1.3,1.663,0.1,0.3,1.7,1.928,0.1,0.6,2.4,1.386,1.0,0.4,0.5,10,2016
2016-09-01,2.797,0.4,0.9,2.5,2.909,0.0,2.1,4.9,2.596,0.8,0.2,1.2,1.642,1.7,0.8,0.9,3.731,0.8,2.4,8.0,4.223,0.9,2.5,5.6,3.929,0.1,0.4,4.7,2.416,0.8,0.2,0.3,2.819,0.7,0.1,2.9,2.913,0.1,0.1,6.3,1.763,1.0,2.3,5.7,3.192,1.1,1.3,3.9,1.988,0.2,0.3,3.1,1.361,1.0,0.4,0.7,3.393,0.4,0.6,2.6,4.381,1.0,1.5,2.4,2.147,0.3,0.7,2.7,2.738,0.1,1.6,4.5,1.502,0.0,1.5,2.1,1.664,0.1,0.1,2.1,1.927,1.8,0.3,2.5,1.4,0.1,1.8,4.7,9,2016
2016-08-01,2.787,0.2,1.1,2.7,2.91,0.4,3.9,5.6,2.576,0.4,0.6,0.3,1.615,0.8,0.2,1.0,3.703,0.9,2.1,7.7,4.184,1.2,0.8,5.1,3.933,0.1,0.0,5.5,2.397,0.5,1.1,0.6,2.799,0.2,1.1,2.4,2.911,0.0,0.3,5.5,1.746,0.1,0.9,6.2,3.157,0.2,0.0,3.0,1.991,1.1,0.0,4.3,1.348,0.1,0.6,1.3,3.378,0.0,1.0,1.7,4.337,0.3,1.2,1.1,2.14,0.3,0.8,3.0,2.735,1.0,2.3,4.6,1.502,0.6,0.7,0.1,1.663,0.3,0.2,0.5,1.893,1.2,0.2,2.0,1.399,0.5,1.2,3.9,8,2016
2016-07-01,2.781,0.3,1.3,1.8,2.897,1.7,4.1,5.7,2.586,0.2,1.1,0.3,1.601,1.7,1.5,2.8,3.671,0.8,0.4,7.5,4.134,0.4,0.5,3.4,3.936,0.2,1.6,5.6,2.409,0.0,0.7,0.5,2.794,0.7,1.0,1.1,2.911,0.0,0.2,4.8,1.744,1.2,2.4,5.9,3.151,0.0,0.1,2.5,1.968,1.3,1.5,2.7,1.346,0.7,0.4,4.1,3.378,0.1,1.3,1.5,4.322,0.1,0.5,2.9,2.134,0.1,2.2,2.7,2.707,0.4,2.5,3.6,1.51,0.9,0.9,0.5,1.658,0.3,0.6,0.4,1.917,0.2,1.7,0.9,1.392,1.2,1.9,0.5,7,2016
2016-06-01,2.773,0.6,0.9,1.0,2.849,1.7,4.1,4.0,2.591,0.1,1.6,0.5,1.629,1.1,0.2,1.5,3.643,0.5,1.2,7.2,4.119,0.8,0.5,2.9,3.946,0.4,3.1,5.9,2.41,0.5,0.2,2.1,2.815,0.5,0.3,0.4,2.91,0.3,1.3,3.1,1.723,0.4,3.4,4.7,3.153,0.1,0.6,3.0,1.993,0.1,3.9,4.1,1.355,1.2,0.1,4.8,3.373,0.9,1.2,1.9,4.318,0.7,0.4,2.5,2.131,0.4,2.1,0.3,2.695,0.9,2.7,3.7,1.524,0.8,2.1,1.1,1.663,0.1,1.8,1.5,1.921,1.2,2.7,1.9,1.375,0.5,3.2,0.8,6,2016
2016-05-01,2.756,0.4,0.8,1.2,2.8,0.6,2.3,3.4,2.593,1.4,1.4,0.4,1.611,0.9,0.2,1.2,3.626,0.8,2.0,6.8,4.151,0.9,2.0,4.8,3.931,1.5,3.9,6.5,2.423,0.2,0.5,1.1,2.831,0.3,1.5,1.1,2.901,0.6,1.8,3.4,1.73,1.6,2.8,5.2,3.157,0.3,1.8,3.6,1.991,2.7,4.0,4.0,1.34,0.1,2.0,2.7,3.344,0.3,0.4,1.2,4.287,0.3,0.8,2.1,2.124,1.7,1.9,0.6,2.673,1.2,2.0,3.3,1.512,1.0,1.9,1.1,1.66,0.5,1.2,1.6,1.897,0.7,3.5,4.1,1.383,1.2,2.2,2.9,5,2016
2016-04-01,2.746,0.1,0.4,1.3,2.783,1.7,1.8,2.8,2.557,0.3,0.5,1.1,1.626,0.0,0.0,0.0,3.655,1.5,2.5,8.3,4.112,0.4,1.3,4.0,3.873,1.2,1.6,5.5,2.427,0.5,1.3,1.1,2.822,0.5,2.2,1.5,2.917,1.5,3.6,6.5,1.702,2.1,0.4,5.1,3.147,0.4,1.8,4.5,1.94,1.1,1.4,0.1,1.341,1.1,1.1,1.3,3.333,0.0,0.3,0.8,4.302,0.0,0.4,3.0,2.089,0.0,0.8,2.3,2.641,0.7,0.1,2.2,1.497,0.4,1.2,0.1,1.668,1.5,0.6,2.0,1.885,0.7,2.0,4.7,1.366,2.5,1.0,1.4,4,2016
2016-03-01,2.749,0.5,0.5,2.0,2.736,0.0,0.9,1.1,2.55,0.2,0.3,0.8,1.626,0.7,1.2,1.4,3.601,1.3,1.4,6.9,4.098,0.7,1.9,3.5,3.827,1.1,0.6,5.2,2.416,0.2,0.5,1.7,2.807,0.7,1.3,0.9,2.874,0.8,2.5,3.8,1.667,1.0,0.4,2.7,3.135,1.1,1.6,4.0,1.919,0.2,0.6,0.2,1.356,0.8,1.7,3.6,3.334,0.0,0.4,4.2,4.3,0.5,0.8,4.5,2.088,0.1,2.4,1.7,2.624,0.1,0.1,2.0,1.492,0.6,0.3,0.4,1.694,0.9,2.5,2.6,1.871,2.1,0.9,4.2,1.333,1.5,1.7,2.8,3,2016
2016-02-01,2.735,0.0,0.2,1.9,2.736,0.1,0.4,2.4,2.556,0.5,0.6,2.7,1.614,0.7,1.9,1.2,3.556,0.2,0.7,6.7,4.069,0.2,1.5,3.4,3.785,0.7,0.2,4.8,2.41,0.6,0.2,1.5,2.788,1.0,0.8,0.2,2.85,1.2,2.1,1.5,1.684,0.7,0.8,3.6,3.101,0.3,0.4,3.7,1.915,2.6,1.8,1.1,1.367,0.8,2.0,3.0,3.332,0.3,0.3,6.5,4.322,0.1,0.1,5.3,2.085,0.6,0.6,1.6,2.621,0.7,0.3,1.3,1.484,0.3,2.7,0.6,1.68,0.0,0.1,1.9,1.833,0.8,2.1,5.4,1.354,0.0,2.4,2.5,2,2016
2016-01-01,2.735,0.0,0.2,1.7,2.732,1.1,1.6,2.5,2.57,0.5,0.9,2.5,1.626,1.1,1.4,0.4,3.565,0.4,1.9,6.9,4.059,1.0,2.0,3.7,3.812,0.2,1.1,6.2,2.397,0.3,0.8,2.4,2.761,0.3,0.3,0.0,2.816,0.4,1.8,0.5,1.696,1.3,2.4,3.6,3.092,0.2,0.3,3.0,1.967,1.9,0.8,2.1,1.357,1.7,0.3,0.8,3.322,0.1,0.4,6.3,4.319,0.4,0.5,4.5,2.072,1.6,2.7,2.2,2.638,0.7,0.8,1.0,1.479,1.1,4.1,0.5,1.679,1.5,0.7,3.3,1.848,2.2,1.9,5.3,1.353,0.2,1.9,2.2,1,2016
2015-12-01,2.735,0.2,0.3,2.0,2.761,0.5,0.4,3.5,2.558,0.6,0.3,0.1,1.645,0.0,1.0,0.8,3.552,0.6,2.8,6.6,4.02,0.3,0.5,3.4,3.804,0.7,1.4,6.7,2.404,0.4,0.1,0.4,2.77,0.2,1.2,1.1,2.804,0.4,2.3,0.7,1.674,0.2,0.4,3.5,3.084,0.1,0.3,1.8,1.93,1.0,0.1,0.2,1.334,0.5,1.3,1.2,3.32,0.1,0.4,7.6,4.335,0.2,1.4,5.0,2.04,1.6,2.4,3.4,2.621,0.3,0.0,0.9,1.496,1.9,2.4,1.7,1.653,1.6,2.8,1.0,1.889,0.8,0.5,3.5,1.356,2.3,1.5,0.7,12,2015
2015-11-01,2.74,0.0,0.9,2.1,2.748,1.0,0.3,3.4,2.572,1.0,0.4,1.3,1.645,0.3,0.8,1.3,3.531,0.9,2.7,6.1,4.01,0.8,0.7,3.2,3.778,0.2,1.3,5.6,2.415,0.0,0.1,1.5,2.765,0.4,1.1,1.0,2.793,0.9,1.2,1.4,1.671,0.9,1.6,3.9,3.088,0.2,0.7,1.6,1.95,0.0,2.2,1.3,1.341,1.5,0.7,1.2,3.324,0.5,0.1,7.6,4.327,0.7,0.9,4.7,2.073,2.7,0.3,1.3,2.629,0.4,0.5,1.0,1.525,1.2,1.5,4.7,1.681,0.6,0.6,2.5,1.873,0.5,1.0,4.4,1.387,0.6,3.0,3.3,11,2015
2015-10-01,2.74,0.5,0.4,2.6,2.776,0.1,1.2,4.1,2.546,0.8,1.8,3.2,1.649,1.3,0.1,1.1,3.5,1.3,2.5,5.0,3.979,0.5,0.5,2.6,3.772,0.5,1.2,4.6,2.415,0.3,0.2,2.4,2.753,0.5,0.4,1.3,2.767,0.9,0.4,2.3,1.656,0.7,0.6,2.1,3.082,0.3,0.3,1.5,1.95,1.1,1.8,0.9,1.36,0.6,5.2,2.3,3.307,0.0,0.7,7.0,4.299,0.5,2.4,4.3,2.129,1.9,2.5,1.5,2.617,0.1,0.1,0.8,1.543,0.6,1.7,4.8,1.691,0.5,2.4,2.4,1.883,0.2,2.7,4.1,1.379,3.2,1.4,10.2,10,2015
2015-09-01,2.728,0.5,0.6,2.2,2.773,0.6,1.2,3.8,2.565,0.7,1.5,1.7,1.628,0.2,1.6,1.5,3.455,0.5,1.7,5.0,3.999,0.5,0.1,3.0,3.752,0.6,0.7,4.1,2.407,0.2,2.2,2.5,2.739,0.2,2.3,0.3,2.742,0.6,2.8,3.2,1.667,1.4,1.3,1.8,3.074,0.3,0.5,1.9,1.928,1.1,0.7,2.6,1.352,1.5,4.5,3.3,3.307,0.4,0.1,6.7,4.277,0.2,1.5,3.7,2.091,0.6,1.6,0.0,2.62,0.2,0.8,0.7,1.534,2.0,0.5,5.0,1.7,1.8,3.8,2.7,1.879,1.3,4.0,7.8,1.336,0.8,3.6,6.7,9,2015
2015-08-01,2.715,0.6,0.3,2.0,2.757,0.5,1.8,2.6,2.583,0.4,0.0,0.4,1.631,0.9,0.0,1.6,3.438,0.7,1.3,4.6,3.98,0.5,0.5,2.5,3.728,0.1,1.0,4.3,2.412,0.3,1.5,0.7,2.734,1.1,2.4,0.8,2.759,0.7,1.7,2.4,1.644,0.1,0.0,0.1,3.066,0.2,0.6,1.8,1.908,0.4,0.3,0.3,1.331,3.0,2.1,3.5,3.32,0.2,0.5,6.4,4.288,2.1,2.1,5.2,2.079,0.1,1.6,0.2,2.615,0.0,1.1,1.2,1.503,1.0,1.7,3.0,1.671,1.2,2.3,2.6,1.855,4.1,6.2,7.9,1.347,3.8,0.2,7.7,8,2015
2015-07-01,2.731,0.5,0.7,1.6,2.742,0.1,1.3,1.5,2.594,0.4,0.3,0.2,1.647,0.5,1.2,1.0,3.415,0.5,1.2,3.9,4.0,0.1,1.2,2.2,3.726,0.0,1.5,3.9,2.42,1.7,1.4,0.0,2.764,1.4,0.6,1.3,2.777,1.6,1.4,2.2,1.646,0.0,1.7,0.3,3.073,0.4,2.0,1.5,1.916,0.1,1.4,0.5,1.293,0.0,2.4,4.9,3.329,0.6,0.6,3.3,4.2,0.3,0.5,3.0,2.077,2.3,2.9,0.7,2.614,0.6,1.2,0.4,1.518,1.5,1.3,2.6,1.651,0.8,3.0,5.8,1.935,1.1,2.2,2.3,1.399,1.0,1.0,10.7,7,2015
2015-06-01,2.744,0.7,1.8,2.1,2.739,1.2,1.3,1.1,2.605,0.9,1.3,1.1,1.654,1.4,3.2,0.2,3.399,0.1,0.9,3.3,4.004,1.1,1.1,2.6,3.727,0.9,2.5,3.3,2.461,0.5,0.1,1.6,2.804,0.1,0.8,2.0,2.821,0.5,1.9,0.4,1.647,0.1,1.5,1.3,3.059,0.4,1.5,1.1,1.915,0.0,0.4,0.6,1.293,0.9,1.2,5.2,3.309,0.1,3.4,2.6,4.213,0.3,2.4,3.7,2.125,0.6,0.0,1.1,2.598,0.4,1.0,0.2,1.542,0.8,2.9,1.3,1.638,0.3,0.8,8.2,1.958,1.0,0.3,0.1,1.386,3.1,1.1,8.3,6,2015
2015-05-01,2.724,0.5,1.5,2.0,2.708,0.0,1.3,0.4,2.582,0.1,1.7,1.0,1.631,0.3,0.1,1.7,3.394,0.6,1.8,3.2,3.962,0.2,0.6,2.5,3.693,0.6,2.3,3.0,2.45,0.2,0.1,1.2,2.801,0.8,0.7,1.7,2.807,2.5,0.0,1.3,1.644,1.6,1.2,1.4,3.047,1.1,1.9,0.6,1.914,1.4,1.2,3.3,1.304,1.5,1.7,8.1,3.305,0.1,5.6,3.6,4.199,0.5,2.3,4.3,2.112,1.3,0.4,0.7,2.587,0.1,0.0,0.8,1.53,2.1,2.5,1.2,1.633,4.0,0.9,4.9,1.977,0.0,2.1,0.3,1.344,3.0,3.2,3.2,5,2015
2015-04-01,2.711,0.6,0.8,1.6,2.708,0.1,1.5,0.2,2.586,0.5,1.9,0.7,1.627,1.5,0.5,2.8,3.374,0.2,1.2,3.1,3.953,0.2,1.0,1.6,3.672,0.9,2.3,3.1,2.455,0.1,0.1,0.6,2.779,0.1,0.7,1.4,2.739,1.1,3.3,3.5,1.619,0.2,1.1,3.2,3.013,0.0,0.4,1.0,1.942,1.1,0.9,1.4,1.325,1.2,1.6,5.4,3.308,3.4,5.9,3.6,4.178,1.6,1.1,3.1,2.139,0.7,1.0,2.9,2.583,0.4,1.1,0.2,1.498,0.0,1.7,3.3,1.702,3.1,4.7,3.6,1.978,1.3,1.4,0.6,1.386,1.0,0.1,8.5,4,2015
2015-03-01,2.694,0.4,0.5,0.2,2.705,1.2,1.4,0.9,2.572,2.1,0.4,2.4,1.603,1.9,1.7,7.1,3.368,1.0,1.0,2.9,3.96,0.6,1.8,2.2,3.638,0.7,2.0,1.5,2.459,0.5,1.8,0.6,2.782,0.0,1.5,0.8,2.769,1.4,1.9,2.4,1.622,0.1,0.3,3.4,3.013,0.7,0.5,0.8,1.922,0.7,0.3,1.3,1.309,1.4,3.1,9.2,3.199,2.2,3.7,0.5,4.113,0.2,0.4,1.3,2.124,0.2,0.6,0.1,2.573,0.6,1.0,2.2,1.498,0.4,1.9,5.8,1.651,0.2,0.9,7.2,1.952,0.8,0.3,3.7,1.371,1.2,0.4,7.4,3,2015
2015-02-01,2.684,0.3,0.0,1.6,2.672,0.2,0.5,1.7,2.628,0.4,0.8,0.6,1.633,0.9,0.6,7.4,3.334,0.0,0.2,1.7,3.937,0.6,1.3,1.9,3.611,0.6,1.0,1.0,2.446,0.4,0.2,1.7,2.782,0.8,1.6,0.0,2.807,0.8,0.9,1.6,1.625,0.7,1.0,5.7,2.991,0.3,1.6,1.6,1.937,0.6,0.6,0.8,1.328,1.4,2.1,10.6,3.13,0.2,1.3,1.7,4.105,0.6,0.7,1.6,2.119,0.1,0.9,2.8,2.588,1.0,0.5,0.6,1.493,1.3,2.5,8.0,1.648,1.4,0.5,9.7,1.937,0.7,1.1,3.7,1.388,0.4,3.4,4.0,2,2015
2015-01-01,2.691,0.3,0.7,1.7,2.667,0.1,0.0,0.5,2.637,3.0,0.3,0.2,1.619,0.7,0.7,8.9,3.334,0.0,0.0,1.9,3.914,0.7,0.9,1.1,3.589,0.7,0.5,0.1,2.457,1.8,0.7,1.9,2.761,0.8,1.6,1.1,2.831,0.3,0.1,0.9,1.637,1.2,0.9,6.6,3.001,0.9,1.1,1.7,1.926,0.1,0.4,1.2,1.347,0.3,3.3,7.9,3.125,1.3,1.1,1.5,4.132,0.0,0.2,1.8,2.118,0.3,1.0,3.2,2.613,0.6,0.7,0.4,1.473,0.2,0.0,9.3,1.625,0.7,1.6,11.4,1.95,0.4,0.6,3.6,1.384,1.3,10.5,1.4,1,2015
2014-12-01,2.681,0.1,0.4,1.7,2.669,0.4,0.1,0.9,2.56,1.8,1.9,2.9,1.631,0.5,1.7,6.0,3.334,0.2,1.3,2.3,3.889,0.0,0.1,0.4,3.566,0.3,1.1,1.3,2.414,1.5,2.3,3.9,2.74,0.1,0.3,2.1,2.824,0.3,0.3,0.6,1.618,0.6,1.3,8.1,3.03,0.3,0.5,1.0,1.927,0.1,2.7,0.2,1.351,0.4,3.4,8.1,3.085,0.2,0.4,3.1,4.131,0.0,0.1,2.4,2.112,0.6,1.1,2.2,2.599,0.1,0.1,1.9,1.47,1.0,0.7,9.4,1.636,0.2,1.1,11.0,1.958,0.0,4.0,1.5,1.365,1.7,9.0,5.1,12,2014
2014-11-01,2.683,0.5,0.8,1.6,2.658,0.3,1.1,2.1,2.607,0.8,1.3,0.4,1.624,0.4,1.1,7.7,3.327,0.2,1.3,2.4,3.887,0.2,0.1,0.4,3.576,0.8,0.0,2.6,2.451,0.9,2.3,2.4,2.737,0.7,0.9,3.9,2.832,0.1,0.1,0.7,1.608,0.8,2.3,10.6,3.04,0.2,1.0,1.3,1.925,0.4,1.2,2.3,1.356,2.6,1.6,8.0,3.09,0.0,1.0,3.2,4.133,0.2,1.4,2.6,2.1,0.1,0.9,0.6,2.602,0.3,0.7,2.7,1.456,1.1,0.2,11.3,1.64,0.7,4.4,10.5,1.958,0.2,2.8,3.2,1.343,7.2,7.4,9.1,11,2014
2014-10-01,2.671,0.0,0.6,1.9,2.667,0.2,1.3,3.0,2.629,0.7,1.5,0.5,1.631,1.7,0.1,7.7,3.333,1.3,1.4,1.8,3.877,0.2,0.9,0.3,3.606,0.1,0.5,1.8,2.474,0.2,2.2,1.5,2.717,0.5,0.3,4.6,2.834,0.1,0.3,1.5,1.622,1.0,1.1,11.1,3.035,0.6,0.2,1.5,1.933,2.4,1.4,3.2,1.392,0.4,2.4,8.0,3.09,0.3,4.1,3.4,4.123,0.1,1.1,3.3,2.097,0.4,0.3,1.3,2.595,0.2,0.3,3.5,1.473,0.9,0.4,11.3,1.651,0.2,5.7,10.2,1.963,3.7,0.9,6.2,1.252,0.0,1.0,16.2,10,2014
2014-09-01,2.67,0.3,0.7,2.0,2.671,0.6,1.4,3.3,2.611,1.5,1.3,1.4,1.605,0.1,2.8,10.9,3.292,0.2,0.0,0.1,3.884,0.0,0.5,1.0,3.604,0.8,0.2,2.0,2.47,3.1,1.3,1.8,2.731,0.7,0.6,4.3,2.831,0.1,0.1,2.6,1.638,0.4,1.8,11.7,3.015,0.1,0.3,1.9,1.98,4.1,2.8,4.4,1.398,1.4,2.5,8.3,3.099,0.7,3.9,4.4,4.126,1.2,1.5,2.6,2.09,0.4,0.6,2.3,2.601,0.7,0.1,3.9,1.461,0.1,4.0,12.4,1.655,3.5,7.2,10.2,2.039,1.2,4.3,2.8,1.252,0.2,2.2,16.5,9,2014
2014-08-01,2.661,0.9,0.3,2.1,2.688,0.6,0.4,2.3,2.573,0.6,0.6,2.0,1.606,1.5,3.3,11.2,3.286,0.0,0.1,1.2,3.885,0.7,0.5,0.8,3.575,0.3,0.3,2.1,2.396,1.0,3.3,4.0,2.713,0.5,1.5,2.9,2.828,0.5,0.5,1.7,1.646,0.3,1.3,9.7,3.011,0.6,0.6,1.4,1.901,0.3,4.0,0.4,1.379,1.5,2.8,6.5,3.122,3.1,2.1,3.3,4.077,0.0,1.3,2.1,2.082,0.4,0.8,2.6,2.583,0.7,1.0,3.2,1.459,1.3,5.7,12.6,1.716,2.1,0.1,8.5,2.015,1.7,2.3,5.5,1.25,1.1,4.1,16.1,8,2014
2014-07-01,2.686,0.0,0.6,1.2,2.703,0.2,0.4,2.7,2.589,0.5,0.9,3.2,1.63,1.3,2.6,11.3,3.286,0.1,0.4,0.1,3.912,0.2,0.6,0.8,3.586,0.6,0.7,2.4,2.421,3.2,2.0,3.8,2.727,0.8,0.5,3.3,2.841,0.3,0.1,2.7,1.64,1.7,1.9,11.7,3.029,0.1,0.4,1.2,1.907,1.0,3.3,4.8,1.359,0.4,3.0,10.4,3.223,0.1,0.9,0.5,4.078,0.4,0.7,1.1,2.091,0.5,0.6,2.8,2.603,0.0,0.5,3.7,1.479,2.8,4.6,13.6,1.752,1.8,0.7,9.4,1.981,1.3,0.5,7.3,1.265,1.2,1.0,16.5,7,2014
2014-06-01,2.687,0.6,0.5,1.2,2.709,0.4,0.7,2.6,2.577,0.8,2.2,4.1,1.651,0.6,4.3,10.5,3.291,0.1,0.5,0.1,3.904,1.0,0.8,1.1,3.61,0.6,0.7,1.7,2.502,0.9,1.2,0.8,2.749,0.2,0.4,3.3,2.833,0.3,0.2,3.5,1.668,0.0,0.7,10.3,3.025,0.2,0.5,1.8,1.927,2.7,1.1,3.8,1.364,3.9,5.3,10.5,3.225,1.1,1.3,1.7,4.063,1.0,0.1,0.0,2.102,0.2,1.0,3.2,2.603,0.2,1.0,3.5,1.521,1.7,4.3,11.4,1.784,3.9,0.3,7.5,1.955,0.8,3.5,7.0,1.28,1.8,0.3,14.8,6,2014
2014-05-01,2.67,0.0,2.1,3.0,2.697,0.6,0.7,4.3,2.558,0.4,3.3,7.3,1.66,0.8,5.8,10.6,3.289,0.4,0.3,1.0,3.866,0.6,0.0,2.1,3.587,0.7,0.3,3.2,2.479,0.3,0.4,2.7,2.754,0.5,1.0,3.6,2.842,0.1,0.4,4.8,1.667,0.3,3.2,11.3,3.03,0.4,0.4,2.0,1.98,0.5,3.0,1.6,1.419,1.3,4.4,7.3,3.189,0.1,0.2,3.3,4.024,0.7,0.4,1.6,2.098,0.9,3.8,4.3,2.609,0.8,0.2,4.1,1.548,0.1,4.6,11.3,1.717,2.7,5.9,12.5,1.971,1.0,2.0,5.7,1.303,2.1,2.4,13.7,5,2014
2014-04-01,2.67,1.1,2.5,2.8,2.714,0.6,1.3,3.8,2.567,2.6,2.8,7.9,1.674,2.9,5.8,10.4,3.274,0.0,0.1,1.9,3.889,0.4,0.4,2.1,3.562,0.6,0.9,5.0,2.47,0.1,1.3,2.2,2.74,0.7,1.9,4.8,2.839,0.1,0.6,4.8,1.673,0.4,4.6,11.2,3.042,0.1,0.4,2.0,1.971,1.2,3.6,1.0,1.401,2.8,4.2,7.7,3.193,0.3,0.6,3.6,4.052,0.2,0.2,1.6,2.079,2.1,5.0,4.0,2.589,1.6,1.3,6.0,1.55,2.5,4.5,11.5,1.765,0.8,3.7,9.4,1.991,1.8,1.6,5.3,1.277,0.0,6.4,13.0,4,2014
2014-03-01,2.7,1.0,1.0,1.9,2.73,0.5,1.4,4.1,2.636,0.3,0.1,4.8,1.725,2.2,0.6,6.8,3.274,0.2,0.5,2.9,3.875,0.3,0.1,2.9,3.584,0.2,0.8,4.5,2.473,0.7,1.6,3.4,2.76,0.8,1.4,5.1,2.838,0.5,0.1,6.1,1.68,2.5,4.6,11.3,3.038,0.1,0.8,3.5,1.948,1.3,1.3,2.7,1.441,2.9,1.9,5.8,3.183,0.0,0.0,4.5,4.061,0.5,0.6,2.0,2.123,2.6,1.7,2.8,2.631,1.1,0.6,5.3,1.59,2.0,2.0,8.9,1.778,2.6,3.3,8.3,2.027,0.8,2.0,4.5,1.276,4.4,11.3,14.0,3,2014
2014-02-01,2.727,0.4,0.0,0.4,2.717,1.4,0.1,5.7,2.644,0.1,1.0,6.0,1.763,0.8,0.2,4.8,3.279,0.3,0.9,3.6,3.864,0.2,0.9,4.1,3.575,0.5,2.6,7.1,2.49,0.6,0.9,2.0,2.783,0.4,2.4,4.1,2.853,0.1,0.0,4.3,1.723,1.7,4.3,7.9,3.041,0.4,1.3,4.4,1.922,1.0,2.2,3.3,1.484,1.6,0.7,2.8,3.183,0.3,0.4,4.9,4.04,0.5,0.3,3.1,2.18,0.4,3.2,0.5,2.603,0.8,2.6,6.1,1.622,0.1,1.2,6.7,1.825,0.4,0.5,4.7,2.011,0.6,0.6,5.6,1.335,2.2,9.7,11.4,2,2014
2014-01-01,2.737,0.3,0.5,0.1,2.68,0.5,2.5,7.9,2.641,0.1,0.0,6.7,1.777,2.3,0.5,4.0,3.27,0.4,0.1,4.0,3.873,0.0,0.5,4.4,3.593,0.6,2.1,6.8,2.504,0.3,0.3,3.6,2.793,0.2,1.9,4.7,2.856,0.5,0.7,3.7,1.753,0.4,3.9,6.4,3.053,0.3,0.9,3.8,1.902,1.1,1.6,5.0,1.462,0.5,3.4,5.8,3.174,0.3,0.8,5.8,4.059,0.6,1.7,2.6,2.188,1.4,2.9,0.6,2.623,0.9,2.5,5.8,1.623,0.0,2.3,8.7,1.833,0.3,0.3,5.4,2.023,1.8,3.3,5.2,1.364,5.2,8.7,10.2,1,2014
2013-12-01,2.728,0.1,0.1,1.6,2.692,0.8,2.5,7.5,2.638,0.7,0.4,7.0,1.736,1.3,3.6,7.3,3.258,0.3,0.9,4.7,3.871,0.7,1.4,4.2,3.613,1.6,1.8,6.4,2.512,0.0,0.1,4.7,2.799,1.8,1.9,5.5,2.842,0.4,2.2,4.9,1.761,2.1,5.1,7.1,3.061,0.7,0.4,3.9,1.923,2.2,1.4,6.1,1.47,0.3,3.6,6.7,3.183,0.4,1.8,5.4,4.036,0.2,0.3,3.3,2.159,2.2,0.9,2.8,2.648,1.0,2.1,5.7,1.622,1.2,2.7,10.4,1.839,0.3,0.3,4.0,1.988,1.8,5.2,7.3,1.438,2.7,4.1,7.0,12,2013
2013-11-01,2.726,0.1,0.3,2.8,2.714,1.3,1.3,8.2,2.618,0.9,0.3,8.5,1.759,0.5,2.8,7.6,3.249,0.8,0.0,6.4,3.901,0.3,0.4,4.5,3.671,0.0,0.5,5.5,2.512,0.0,0.7,6.3,2.85,0.1,2.0,5.2,2.852,0.9,0.9,5.9,1.8,1.3,1.2,8.3,3.082,0.1,0.9,4.7,1.881,0.4,1.5,9.5,1.474,2.6,0.1,9.4,3.194,0.2,1.0,6.4,4.029,1.0,0.9,3.1,2.112,0.7,1.2,6.5,2.674,0.6,0.2,6.5,1.642,1.2,1.6,10.4,1.834,0.2,2.3,5.7,2.023,3.3,5.1,6.2,1.478,1.1,0.9,6.4,11,2013
2013-10-01,2.723,0.1,0.2,4.1,2.75,0.4,1.0,8.6,2.642,0.3,1.2,10.2,1.768,1.8,3.8,9.5,3.274,0.4,0.3,6.8,3.891,0.9,1.3,5.8,3.671,0.2,0.1,6.4,2.512,0.1,0.1,8.0,2.847,0.2,1.0,5.9,2.878,1.0,1.5,5.6,1.824,1.7,1.8,8.9,3.08,0.3,0.5,6.8,1.873,1.2,6.4,12.1,1.513,0.8,0.2,8.5,3.199,1.3,1.3,6.8,3.991,0.8,1.1,3.8,2.126,0.6,1.1,8.3,2.69,0.5,0.5,8.3,1.661,0.4,2.9,10.1,1.838,0.3,5.0,7.8,2.092,0.3,2.1,5.5,1.495,0.3,1.3,8.7,10,2013
2013-09-01,2.725,0.3,0.1,4.7,2.762,0.4,0.7,8.4,2.649,0.9,1.4,10.4,1.801,0.4,2.3,10.0,3.289,1.3,0.1,6.0,3.925,0.2,0.6,4.7,3.678,0.7,0.1,6.1,2.516,0.8,0.2,9.0,2.854,2.1,0.4,5.1,2.907,1.0,1.0,6.1,1.855,1.8,0.3,9.3,3.072,0.6,0.2,7.0,1.896,0.7,5.3,11.0,1.525,3.4,0.0,9.4,3.24,0.4,1.3,5.7,4.022,0.7,1.0,3.2,2.14,0.2,1.5,10.4,2.705,1.4,0.3,8.0,1.668,0.0,2.9,10.3,1.844,1.7,4.4,11.7,2.098,1.6,0.2,7.6,1.499,0.6,0.2,9.7,9,2013
2013-08-01,2.717,0.0,1.3,6.0,2.75,1.0,2.4,8.7,2.626,1.8,4.8,10.1,1.809,1.5,2.6,11.2,3.248,1.1,2.2,7.2,3.916,0.7,0.8,5.3,3.653,0.6,1.4,7.0,2.495,0.8,2.0,10.2,2.794,0.9,2.2,7.0,2.877,1.5,3.7,6.3,1.822,1.9,3.0,10.4,3.055,0.4,1.2,7.8,1.909,4.6,5.1,11.0,1.475,2.7,3.6,12.9,3.227,0.4,2.1,6.2,3.994,1.0,2.3,4.4,2.136,0.7,2.5,11.3,2.668,1.3,1.9,8.5,1.668,2.5,4.4,10.5,1.876,3.0,4.4,11.4,2.133,0.2,2.0,8.3,1.491,1.6,1.3,10.3,8,2013
2013-07-01,2.718,0.1,1.1,7.1,2.778,0.1,1.6,9.2,2.674,0.5,4.0,9.1,1.837,0.4,1.6,11.0,3.282,0.1,1.7,6.8,3.943,0.1,0.8,5.8,3.674,0.0,2.0,7.0,2.515,0.2,0.4,10.6,2.819,0.8,2.1,6.9,2.921,0.5,2.1,7.7,1.858,0.1,1.3,9.8,3.066,0.4,1.2,8.2,2.002,0.0,0.6,8.8,1.516,0.5,0.1,12.6,3.241,1.2,2.2,6.5,4.035,0.7,2.0,3.7,2.151,1.0,0.7,10.8,2.703,0.2,1.9,8.5,1.712,0.3,2.3,10.3,1.935,0.3,0.7,10.5,2.137,1.6,1.7,9.6,1.515,0.8,3.2,10.6,7,2013
2013-06-01,2.721,1.1,1.2,8.2,2.781,1.3,2.3,10.2,2.687,2.6,2.9,9.2,1.844,0.7,0.4,11.9,3.286,1.0,2.5,8.1,3.947,0.1,1.0,7.0,3.673,0.9,2.2,8.3,2.521,1.0,1.5,10.5,2.843,0.5,2.3,6.7,2.935,1.7,2.9,9.4,1.86,1.0,1.8,9.2,3.079,0.4,2.3,7.8,2.002,0.5,0.0,10.6,1.524,0.4,0.4,14.3,3.281,0.5,1.5,5.1,4.062,0.6,2.0,2.8,2.173,0.9,0.6,13.3,2.697,0.8,2.9,10.0,1.717,1.6,1.6,12.9,1.928,1.7,0.6,12.2,2.103,0.6,0.9,11.7,1.502,0.5,1.3,17.0,6,2013
2013-05-01,2.752,0.2,0.6,7.9,2.818,0.1,2.2,10.4,2.758,1.0,1.9,8.2,1.856,0.6,0.2,12.6,3.321,0.5,2.3,7.8,3.949,0.6,2.0,7.5,3.705,1.1,3.7,8.6,2.547,0.9,0.3,11.2,2.858,0.7,1.5,8.2,2.987,0.1,0.2,9.8,1.879,0.2,0.5,9.4,3.091,0.4,2.9,7.4,2.012,1.1,1.3,10.7,1.531,0.9,0.2,16.4,3.297,0.5,1.5,5.7,4.088,0.8,2.0,2.9,2.192,1.2,1.1,12.6,2.72,1.3,1.9,10.3,1.745,0.3,0.4,12.6,1.962,0.7,2.4,14.1,2.09,0.6,1.9,12.2,1.51,2.9,0.3,16.7,5,2013
2013-04-01,2.747,0.2,0.3,8.4,2.821,0.9,3.1,10.8,2.786,0.6,1.6,8.7,1.868,0.9,0.9,12.9,3.338,1.0,2.0,8.8,3.973,0.4,1.9,7.5,3.748,0.2,2.8,8.3,2.525,1.4,2.8,11.9,2.879,1.0,1.8,8.1,2.984,1.3,0.6,9.7,1.883,0.6,0.5,10.4,3.102,1.5,2.2,9.1,1.991,0.6,0.5,11.7,1.517,0.9,2.2,18.2,3.312,0.6,1.7,6.8,4.119,0.7,1.2,4.5,2.166,0.8,1.6,13.5,2.755,0.9,1.1,10.2,1.751,0.3,1.5,13.1,1.949,0.5,0.5,15.8,2.102,0.9,1.5,12.6,1.467,1.1,3.4,19.3,4,2013
2013-03-01,2.754,0.6,0.7,9.3,2.846,1.2,2.2,12.2,2.769,1.5,2.4,9.5,1.851,0.1,1.2,14.8,3.37,0.9,1.4,9.1,3.988,1.0,1.3,7.0,3.754,2.4,2.8,8.7,2.56,0.8,2.9,13.7,2.909,0.3,1.8,9.3,3.022,1.4,1.1,9.4,1.895,1.3,0.0,11.3,3.15,1.0,1.2,8.3,2.002,0.8,2.2,13.2,1.531,0.2,2.9,18.8,3.332,0.5,1.0,7.7,4.146,0.6,0.7,4.9,2.185,0.7,1.6,14.6,2.779,0.2,1.1,10.2,1.745,0.4,3.6,15.0,1.939,1.3,1.3,17.5,2.122,0.3,1.1,13.2,1.484,1.5,4.0,21.2,3,2013
2013-02-01,2.737,0.1,2.4,10.2,2.881,1.0,2.5,10.8,2.811,0.7,1.7,7.1,1.853,0.1,2.6,16.1,3.4,0.2,2.1,9.2,4.029,0.5,1.3,7.0,3.847,0.3,1.0,6.6,2.539,2.3,5.3,15.3,2.901,1.1,3.5,10.4,2.98,0.4,1.7,11.1,1.87,0.2,4.7,14.8,3.182,0.3,1.6,7.6,1.987,0.7,4.4,14.1,1.527,1.5,6.1,19.1,3.348,0.6,1.9,6.9,4.171,0.1,0.3,5.0,2.169,1.6,4.0,16.2,2.773,0.4,3.0,11.4,1.739,2.1,5.1,15.4,1.915,1.2,1.5,18.3,2.129,0.3,1.2,12.5,1.506,0.8,4.6,19.6,2,2013
2013-01-01,2.74,1.2,3.5,10.7,2.91,0.0,3.2,10.9,2.83,0.2,3.7,6.7,1.85,1.2,5.3,16.5,3.407,0.4,3.0,9.4,4.051,0.2,1.9,7.1,3.857,0.1,1.7,7.0,2.598,1.5,4.9,14.8,2.932,1.0,3.1,10.2,2.967,0.8,2.7,12.5,1.873,1.1,6.4,15.9,3.173,0.4,4.0,8.8,2.002,2.2,6.0,13.8,1.551,1.6,6.1,18.4,3.368,0.1,1.9,7.0,4.168,0.2,0.4,5.6,2.203,0.8,5.0,15.4,2.784,0.9,5.1,11.9,1.777,1.8,3.9,14.9,1.938,1.2,2.7,17.5,2.135,0.5,3.6,13.4,1.519,1.7,7.2,19.6,1,2013
2012-12-01,2.772,1.1,3.0,10.0,2.911,1.5,3.4,11.8,2.836,0.9,4.1,6.6,1.873,1.5,6.4,16.1,3.419,1.5,2.3,9.4,4.041,1.0,1.9,7.4,3.861,0.6,1.4,7.2,2.637,1.7,4.6,13.4,2.962,1.4,1.5,9.6,2.989,1.4,3.4,12.4,1.895,3.4,7.4,14.6,3.187,1.5,3.5,8.6,2.047,1.5,3.9,10.7,1.576,3.2,6.3,17.7,3.366,1.4,2.1,7.0,4.175,0.4,0.5,5.8,2.221,1.6,7.0,14.6,2.809,1.8,4.5,11.1,1.81,1.2,2.6,14.0,1.915,1.5,8.3,18.4,2.145,0.5,5.5,12.9,1.546,2.1,6.9,18.6,12,2012
2012-11-01,2.803,1.3,3.0,9.7,2.956,1.7,1.8,10.6,2.86,2.7,2.1,7.8,1.902,2.6,6.6,15.8,3.472,1.2,0.8,8.8,4.083,1.1,1.2,7.6,3.885,1.0,1.1,8.0,2.682,1.8,3.4,11.3,3.006,0.7,0.0,9.1,3.031,0.6,1.3,12.2,1.962,2.0,3.5,12.7,3.234,2.1,2.3,8.7,2.079,2.4,3.1,11.5,1.627,1.5,4.0,18.2,3.413,0.5,0.8,6.5,4.159,0.2,0.5,6.9,2.258,2.6,6.3,13.9,2.859,2.5,2.0,11.0,1.832,0.9,1.7,14.1,1.944,2.5,8.2,18.3,2.156,2.6,7.3,12.6,1.579,3.6,5.1,17.2,11,2012
2012-10-01,2.84,0.7,2.9,9.0,3.007,0.2,1.7,9.8,2.94,0.6,0.1,5.8,1.953,2.3,5.3,14.9,3.514,0.4,0.3,7.8,4.128,0.3,1.3,6.7,3.923,0.2,0.7,7.0,2.732,1.2,2.9,11.3,3.026,0.6,0.1,8.8,3.049,1.5,3.6,11.3,2.001,2.2,2.8,11.9,3.304,0.1,1.1,6.6,2.131,0.0,3.0,10.0,1.652,1.8,4.8,18.9,3.432,0.2,1.0,7.2,4.15,0.1,0.9,6.7,2.319,2.9,3.9,13.1,2.933,0.2,0.7,9.1,1.849,0.6,3.1,15.0,1.993,4.6,7.8,17.5,2.215,2.4,6.3,10.7,1.637,1.4,3.4,13.0,10,2012
2012-09-01,2.859,1.1,3.5,8.5,3.014,0.1,2.6,9.6,2.957,1.2,0.1,5.0,2.0,1.8,4.4,12.4,3.5,0.0,2.1,8.0,4.118,0.4,3.0,7.4,3.915,0.3,2.2,8.1,2.764,0.5,1.9,9.8,3.008,0.1,1.3,9.9,3.096,0.8,4.5,7.9,2.046,0.6,0.2,10.4,3.302,0.3,1.1,6.9,2.131,0.7,4.9,12.1,1.682,0.7,5.4,17.8,3.437,0.1,0.6,7.0,4.154,0.6,0.6,6.6,2.388,0.9,4.7,10.7,2.94,0.8,1.9,8.9,1.859,0.3,5.7,17.2,2.088,1.4,4.9,13.5,2.27,2.4,4.7,8.6,1.66,0.2,8.3,12.7,9,2012
2012-08-01,2.891,1.2,3.2,8.3,3.01,1.6,4.3,9.7,2.922,0.7,2.7,6.6,2.036,1.3,4.1,10.7,3.499,0.7,2.9,8.2,4.133,1.2,3.2,7.6,3.929,0.6,3.1,7.6,2.777,1.2,3.2,9.6,3.005,0.8,3.5,9.9,3.071,2.9,7.3,8.7,2.034,1.2,2.0,11.7,3.312,0.8,0.7,6.3,2.145,2.3,4.8,13.6,1.694,2.4,7.5,18.4,3.44,0.8,1.6,8.5,4.178,0.3,0.7,7.1,2.41,0.1,3.9,10.5,2.917,1.2,3.8,10.1,1.864,2.3,6.7,14.7,2.117,2.1,7.4,12.5,2.326,1.6,2.3,4.4,1.663,1.9,8.3,14.8,8,2012
2012-07-01,2.926,1.3,2.4,8.3,3.06,1.1,3.3,9.6,2.942,0.6,3.6,7.5,2.063,1.4,3.8,11.6,3.523,1.5,3.8,8.5,4.184,1.4,2.5,7.6,3.952,1.3,3.3,8.5,2.812,0.2,1.9,9.8,3.029,0.5,3.3,9.6,3.163,2.4,4.3,6.4,2.059,0.5,2.1,12.0,3.339,0.0,2.2,6.5,2.196,2.0,2.6,12.2,1.736,2.4,6.4,18.5,3.466,0.2,2.4,8.5,4.189,0.2,2.9,8.8,2.412,3.7,3.7,11.6,2.953,1.4,3.7,10.2,1.908,3.2,5.3,14.6,2.162,1.5,6.5,10.7,2.364,0.7,1.7,3.2,1.695,6.4,6.8,15.3,7,2012
2012-06-01,2.963,0.8,2.4,8.2,3.095,1.6,4.5,9.6,2.959,1.5,3.2,8.9,2.092,1.5,3.7,12.1,3.576,0.8,3.6,8.1,4.245,0.5,1.0,7.5,4.004,1.2,2.6,7.8,2.818,1.7,5.0,10.9,3.046,2.2,5.1,9.8,3.241,2.2,2.8,5.9,2.049,1.2,4.1,13.6,3.339,0.0,2.8,6.8,2.24,0.6,2.9,10.4,1.779,2.9,5.7,17.8,3.459,1.1,4.1,9.7,4.18,0.7,4.1,9.1,2.506,0.0,2.1,9.3,2.996,1.2,3.2,10.1,1.972,1.3,4.0,12.5,2.195,3.9,6.6,9.9,2.381,0.0,2.6,3.7,1.811,0.2,3.9,10.5,6,2012
2012-05-01,2.988,0.4,1.9,7.8,3.144,0.6,2.7,8.6,3.004,1.5,0.8,7.5,2.123,1.0,3.9,11.9,3.603,1.6,3.8,8.6,4.268,0.6,1.5,7.1,4.054,0.8,1.6,7.9,2.868,0.0,4.3,9.6,3.114,0.6,3.9,7.8,3.312,0.2,1.1,4.3,2.074,1.3,5.5,13.5,3.337,2.2,3.1,8.2,2.254,0.0,2.6,11.4,1.831,1.2,3.1,16.4,3.496,1.6,2.8,9.3,4.208,2.5,4.1,8.5,2.507,0.1,3.1,9.7,3.031,1.1,3.2,9.7,1.998,0.9,2.9,13.0,2.285,1.2,2.5,7.6,2.381,1.0,2.2,8.3,1.814,0.3,3.2,11.4,5,2012
2012-04-01,2.999,1.3,2.3,7.7,3.164,2.4,3.1,8.5,3.051,0.2,0.6,6.5,2.144,1.4,3.2,11.9,3.661,1.3,2.7,7.5,4.294,0.2,1.5,6.2,4.087,0.6,1.4,6.7,2.866,3.4,6.0,9.8,3.134,2.3,4.0,7.4,3.305,0.9,2.5,5.4,2.102,1.6,5.6,13.6,3.413,0.6,1.8,6.3,2.255,2.2,2.8,12.2,1.854,1.7,2.4,16.4,3.553,1.5,1.8,8.0,4.315,1.0,2.3,6.6,2.505,2.1,3.8,11.0,3.066,0.9,2.9,8.6,2.015,1.8,3.6,12.7,2.313,1.6,1.5,6.9,2.405,1.6,2.4,7.2,1.819,3.5,3.7,11.6,4,2012
2012-03-01,3.037,0.3,1.4,7.0,3.242,0.3,1.8,6.7,3.058,1.0,0.7,3.6,2.174,1.6,2.6,12.6,3.709,0.9,1.7,7.0,4.287,1.0,1.8,6.3,4.112,0.2,1.2,6.9,2.966,1.0,2.6,7.3,3.209,0.9,2.1,5.3,3.335,0.5,2.3,4.4,2.137,2.7,3.7,13.6,3.434,0.3,1.5,6.8,2.307,0.3,0.6,12.1,1.886,0.2,1.5,17.6,3.608,0.3,0.3,7.1,4.359,0.7,1.6,6.1,2.56,1.0,1.6,9.1,3.094,1.2,2.0,9.0,2.053,0.2,2.5,12.0,2.351,0.3,0.2,7.6,2.444,0.4,0.8,5.2,1.884,0.5,0.8,10.2,3,2012
